proba/MiniGrid-Unlock-v0,perf/MiniGrid-Unlock-v0,lp/MiniGrid-Unlock-v0,attention/MiniGrid-Unlock-v0,max_perf/MiniGrid-Unlock-v0,na_lp/MiniGrid-Unlock-v0,mr/MiniGrid-Unlock-v0,anc_mr/MiniGrid-Unlock-v0,learning_state/MiniGrid-Unlock-v0,pre_attention/MiniGrid-Unlock-v0,proba/MiniGrid-UnlockPickup-v0,perf/MiniGrid-UnlockPickup-v0,lp/MiniGrid-UnlockPickup-v0,attention/MiniGrid-UnlockPickup-v0,max_perf/MiniGrid-UnlockPickup-v0,na_lp/MiniGrid-UnlockPickup-v0,mr/MiniGrid-UnlockPickup-v0,anc_mr/MiniGrid-UnlockPickup-v0,learning_state/MiniGrid-UnlockPickup-v0,pre_attention/MiniGrid-UnlockPickup-v0,proba/MiniGrid-BlockedUnlockPickup-v0,perf/MiniGrid-BlockedUnlockPickup-v0,lp/MiniGrid-BlockedUnlockPickup-v0,attention/MiniGrid-BlockedUnlockPickup-v0,max_perf/MiniGrid-BlockedUnlockPickup-v0,na_lp/MiniGrid-BlockedUnlockPickup-v0,mr/MiniGrid-BlockedUnlockPickup-v0,anc_mr/MiniGrid-BlockedUnlockPickup-v0,learning_state/MiniGrid-BlockedUnlockPickup-v0,pre_attention/MiniGrid-BlockedUnlockPickup-v0
0.9499999537500035,0.0,0.0,0.38000001,0.5,0.0,0.0,1.0,0.5,0.5,0.050000021249998416,,0.0,0.020000010000000006,0.5,0.0,0.0,0.0,0.5,0.0,2.499999812500014e-08,,0.0,1e-08,0.5,0.0,0.0,0.0,0.5,0.0
proba/MiniGrid-Unlock-v0,perf/MiniGrid-Unlock-v0,lp/MiniGrid-Unlock-v0,attention/MiniGrid-Unlock-v0,max_perf/MiniGrid-Unlock-v0,na_lp/MiniGrid-Unlock-v0,mr/MiniGrid-Unlock-v0,anc_mr/MiniGrid-Unlock-v0,learning_state/MiniGrid-Unlock-v0,pre_attention/MiniGrid-Unlock-v0,proba/MiniGrid-UnlockPickup-v0,perf/MiniGrid-UnlockPickup-v0,lp/MiniGrid-UnlockPickup-v0,attention/MiniGrid-UnlockPickup-v0,max_perf/MiniGrid-UnlockPickup-v0,na_lp/MiniGrid-UnlockPickup-v0,mr/MiniGrid-UnlockPickup-v0,anc_mr/MiniGrid-UnlockPickup-v0,learning_state/MiniGrid-UnlockPickup-v0,pre_attention/MiniGrid-UnlockPickup-v0,proba/MiniGrid-BlockedUnlockPickup-v0,perf/MiniGrid-BlockedUnlockPickup-v0,lp/MiniGrid-BlockedUnlockPickup-v0,attention/MiniGrid-BlockedUnlockPickup-v0,max_perf/MiniGrid-BlockedUnlockPickup-v0,na_lp/MiniGrid-BlockedUnlockPickup-v0,mr/MiniGrid-BlockedUnlockPickup-v0,anc_mr/MiniGrid-BlockedUnlockPickup-v0,learning_state/MiniGrid-BlockedUnlockPickup-v0,pre_attention/MiniGrid-BlockedUnlockPickup-v0
0.9499999537500035,,0.0,0.38000001,0.5,0.0,0.0,1.0,0.5,0.5,0.050000021249998416,,0.0,0.020000010000000006,0.5,0.0,0.0,0.0,0.5,0.0,2.499999812500014e-08,,0.0,1e-08,0.5,0.0,0.0,0.0,0.5,0.0
proba/MiniGrid-Unlock-v0,perf/MiniGrid-Unlock-v0,lp/MiniGrid-Unlock-v0,attention/MiniGrid-Unlock-v0,max_perf/MiniGrid-Unlock-v0,na_lp/MiniGrid-Unlock-v0,mr/MiniGrid-Unlock-v0,anc_mr/MiniGrid-Unlock-v0,learning_state/MiniGrid-Unlock-v0,pre_attention/MiniGrid-Unlock-v0,proba/MiniGrid-UnlockPickup-v0,perf/MiniGrid-UnlockPickup-v0,lp/MiniGrid-UnlockPickup-v0,attention/MiniGrid-UnlockPickup-v0,max_perf/MiniGrid-UnlockPickup-v0,na_lp/MiniGrid-UnlockPickup-v0,mr/MiniGrid-UnlockPickup-v0,anc_mr/MiniGrid-UnlockPickup-v0,learning_state/MiniGrid-UnlockPickup-v0,pre_attention/MiniGrid-UnlockPickup-v0,proba/MiniGrid-BlockedUnlockPickup-v0,perf/MiniGrid-BlockedUnlockPickup-v0,lp/MiniGrid-BlockedUnlockPickup-v0,attention/MiniGrid-BlockedUnlockPickup-v0,max_perf/MiniGrid-BlockedUnlockPickup-v0,na_lp/MiniGrid-BlockedUnlockPickup-v0,mr/MiniGrid-BlockedUnlockPickup-v0,anc_mr/MiniGrid-BlockedUnlockPickup-v0,learning_state/MiniGrid-BlockedUnlockPickup-v0,pre_attention/MiniGrid-BlockedUnlockPickup-v0
0.9499999537500035,0.0,0.0,0.38000001,0.5,0.0,0.0,1.0,0.5,0.5,0.050000021249998416,,0.0,0.020000010000000006,0.5,0.0,0.0,0.0,0.5,0.0,2.499999812500014e-08,,0.0,1e-08,0.5,0.0,0.0,0.0,0.5,0.0
proba/MiniGrid-Unlock-v0,perf/MiniGrid-Unlock-v0,lp/MiniGrid-Unlock-v0,attention/MiniGrid-Unlock-v0,max_perf/MiniGrid-Unlock-v0,na_lp/MiniGrid-Unlock-v0,mr/MiniGrid-Unlock-v0,anc_mr/MiniGrid-Unlock-v0,learning_state/MiniGrid-Unlock-v0,pre_attention/MiniGrid-Unlock-v0,proba/MiniGrid-UnlockPickup-v0,perf/MiniGrid-UnlockPickup-v0,lp/MiniGrid-UnlockPickup-v0,attention/MiniGrid-UnlockPickup-v0,max_perf/MiniGrid-UnlockPickup-v0,na_lp/MiniGrid-UnlockPickup-v0,mr/MiniGrid-UnlockPickup-v0,anc_mr/MiniGrid-UnlockPickup-v0,learning_state/MiniGrid-UnlockPickup-v0,pre_attention/MiniGrid-UnlockPickup-v0,proba/MiniGrid-BlockedUnlockPickup-v0,perf/MiniGrid-BlockedUnlockPickup-v0,lp/MiniGrid-BlockedUnlockPickup-v0,attention/MiniGrid-BlockedUnlockPickup-v0,max_perf/MiniGrid-BlockedUnlockPickup-v0,na_lp/MiniGrid-BlockedUnlockPickup-v0,mr/MiniGrid-BlockedUnlockPickup-v0,anc_mr/MiniGrid-BlockedUnlockPickup-v0,learning_state/MiniGrid-BlockedUnlockPickup-v0,pre_attention/MiniGrid-BlockedUnlockPickup-v0
0.9499999537500035,,0.0,0.38000001,0.5,0.0,0.0,1.0,0.5,0.5,0.050000021249998416,,0.0,0.020000010000000006,0.5,0.0,0.0,0.0,0.5,0.0,2.499999812500014e-08,,0.0,1e-08,0.5,0.0,0.0,0.0,0.5,0.0
proba/MiniGrid-Unlock-v0,perf/MiniGrid-Unlock-v0,lp/MiniGrid-Unlock-v0,attention/MiniGrid-Unlock-v0,max_perf/MiniGrid-Unlock-v0,na_lp/MiniGrid-Unlock-v0,mr/MiniGrid-Unlock-v0,anc_mr/MiniGrid-Unlock-v0,learning_state/MiniGrid-Unlock-v0,pre_attention/MiniGrid-Unlock-v0,proba/MiniGrid-UnlockPickup-v0,perf/MiniGrid-UnlockPickup-v0,lp/MiniGrid-UnlockPickup-v0,attention/MiniGrid-UnlockPickup-v0,max_perf/MiniGrid-UnlockPickup-v0,na_lp/MiniGrid-UnlockPickup-v0,mr/MiniGrid-UnlockPickup-v0,anc_mr/MiniGrid-UnlockPickup-v0,learning_state/MiniGrid-UnlockPickup-v0,pre_attention/MiniGrid-UnlockPickup-v0,proba/MiniGrid-BlockedUnlockPickup-v0,perf/MiniGrid-BlockedUnlockPickup-v0,lp/MiniGrid-BlockedUnlockPickup-v0,attention/MiniGrid-BlockedUnlockPickup-v0,max_perf/MiniGrid-BlockedUnlockPickup-v0,na_lp/MiniGrid-BlockedUnlockPickup-v0,mr/MiniGrid-BlockedUnlockPickup-v0,anc_mr/MiniGrid-BlockedUnlockPickup-v0,learning_state/MiniGrid-BlockedUnlockPickup-v0,pre_attention/MiniGrid-BlockedUnlockPickup-v0
0.9499999537500035,0.0,0.0,0.38000001,0.5,0.0,0.0,1.0,0.5,0.5,0.050000021249998416,,0.0,0.020000010000000006,0.5,0.0,0.0,0.0,0.5,0.0,2.499999812500014e-08,,0.0,1e-08,0.5,0.0,0.0,0.0,0.5,0.0
proba/MiniGrid-Unlock-v0,perf/MiniGrid-Unlock-v0,lp/MiniGrid-Unlock-v0,attention/MiniGrid-Unlock-v0,max_perf/MiniGrid-Unlock-v0,na_lp/MiniGrid-Unlock-v0,mr/MiniGrid-Unlock-v0,anc_mr/MiniGrid-Unlock-v0,learning_state/MiniGrid-Unlock-v0,pre_attention/MiniGrid-Unlock-v0,proba/MiniGrid-UnlockPickup-v0,perf/MiniGrid-UnlockPickup-v0,lp/MiniGrid-UnlockPickup-v0,attention/MiniGrid-UnlockPickup-v0,max_perf/MiniGrid-UnlockPickup-v0,na_lp/MiniGrid-UnlockPickup-v0,mr/MiniGrid-UnlockPickup-v0,anc_mr/MiniGrid-UnlockPickup-v0,learning_state/MiniGrid-UnlockPickup-v0,pre_attention/MiniGrid-UnlockPickup-v0,proba/MiniGrid-BlockedUnlockPickup-v0,perf/MiniGrid-BlockedUnlockPickup-v0,lp/MiniGrid-BlockedUnlockPickup-v0,attention/MiniGrid-BlockedUnlockPickup-v0,max_perf/MiniGrid-BlockedUnlockPickup-v0,na_lp/MiniGrid-BlockedUnlockPickup-v0,mr/MiniGrid-BlockedUnlockPickup-v0,anc_mr/MiniGrid-BlockedUnlockPickup-v0,learning_state/MiniGrid-BlockedUnlockPickup-v0,pre_attention/MiniGrid-BlockedUnlockPickup-v0
0.9499999537500035,,0.0,0.38000001,0.5,0.0,0.0,1.0,0.5,0.5,0.050000021249998416,,0.0,0.020000010000000006,0.5,0.0,0.0,0.0,0.5,0.0,2.499999812500014e-08,,0.0,1e-08,0.5,0.0,0.0,0.0,0.5,0.0
proba/MiniGrid-Unlock-v0,perf/MiniGrid-Unlock-v0,lp/MiniGrid-Unlock-v0,attention/MiniGrid-Unlock-v0,max_perf/MiniGrid-Unlock-v0,na_lp/MiniGrid-Unlock-v0,mr/MiniGrid-Unlock-v0,anc_mr/MiniGrid-Unlock-v0,learning_state/MiniGrid-Unlock-v0,pre_attention/MiniGrid-Unlock-v0,proba/MiniGrid-UnlockPickup-v0,perf/MiniGrid-UnlockPickup-v0,lp/MiniGrid-UnlockPickup-v0,attention/MiniGrid-UnlockPickup-v0,max_perf/MiniGrid-UnlockPickup-v0,na_lp/MiniGrid-UnlockPickup-v0,mr/MiniGrid-UnlockPickup-v0,anc_mr/MiniGrid-UnlockPickup-v0,learning_state/MiniGrid-UnlockPickup-v0,pre_attention/MiniGrid-UnlockPickup-v0,proba/MiniGrid-BlockedUnlockPickup-v0,perf/MiniGrid-BlockedUnlockPickup-v0,lp/MiniGrid-BlockedUnlockPickup-v0,attention/MiniGrid-BlockedUnlockPickup-v0,max_perf/MiniGrid-BlockedUnlockPickup-v0,na_lp/MiniGrid-BlockedUnlockPickup-v0,mr/MiniGrid-BlockedUnlockPickup-v0,anc_mr/MiniGrid-BlockedUnlockPickup-v0,learning_state/MiniGrid-BlockedUnlockPickup-v0,pre_attention/MiniGrid-BlockedUnlockPickup-v0
0.9499999537500035,0.0,0.0,0.38000001,0.5,0.0,0.0,1.0,0.5,0.5,0.050000021249998416,,0.0,0.020000010000000006,0.5,0.0,0.0,0.0,0.5,0.0,2.499999812500014e-08,,0.0,1e-08,0.5,0.0,0.0,0.0,0.5,0.0
proba/MiniGrid-Unlock-v0,perf/MiniGrid-Unlock-v0,lp/MiniGrid-Unlock-v0,attention/MiniGrid-Unlock-v0,max_perf/MiniGrid-Unlock-v0,na_lp/MiniGrid-Unlock-v0,mr/MiniGrid-Unlock-v0,anc_mr/MiniGrid-Unlock-v0,learning_state/MiniGrid-Unlock-v0,pre_attention/MiniGrid-Unlock-v0,proba/MiniGrid-UnlockPickup-v0,perf/MiniGrid-UnlockPickup-v0,lp/MiniGrid-UnlockPickup-v0,attention/MiniGrid-UnlockPickup-v0,max_perf/MiniGrid-UnlockPickup-v0,na_lp/MiniGrid-UnlockPickup-v0,mr/MiniGrid-UnlockPickup-v0,anc_mr/MiniGrid-UnlockPickup-v0,learning_state/MiniGrid-UnlockPickup-v0,pre_attention/MiniGrid-UnlockPickup-v0,proba/MiniGrid-BlockedUnlockPickup-v0,perf/MiniGrid-BlockedUnlockPickup-v0,lp/MiniGrid-BlockedUnlockPickup-v0,attention/MiniGrid-BlockedUnlockPickup-v0,max_perf/MiniGrid-BlockedUnlockPickup-v0,na_lp/MiniGrid-BlockedUnlockPickup-v0,mr/MiniGrid-BlockedUnlockPickup-v0,anc_mr/MiniGrid-BlockedUnlockPickup-v0,learning_state/MiniGrid-BlockedUnlockPickup-v0,pre_attention/MiniGrid-BlockedUnlockPickup-v0
0.9499999537500035,,0.0,0.38000001,0.5,0.0,0.0,1.0,0.5,0.5,0.050000021249998416,,0.0,0.020000010000000006,0.5,0.0,0.0,0.0,0.5,0.0,2.499999812500014e-08,,0.0,1e-08,0.5,0.0,0.0,0.0,0.5,0.0
proba/MiniGrid-Unlock-v0,perf/MiniGrid-Unlock-v0,lp/MiniGrid-Unlock-v0,attention/MiniGrid-Unlock-v0,max_perf/MiniGrid-Unlock-v0,na_lp/MiniGrid-Unlock-v0,mr/MiniGrid-Unlock-v0,anc_mr/MiniGrid-Unlock-v0,learning_state/MiniGrid-Unlock-v0,pre_attention/MiniGrid-Unlock-v0,proba/MiniGrid-UnlockPickup-v0,perf/MiniGrid-UnlockPickup-v0,lp/MiniGrid-UnlockPickup-v0,attention/MiniGrid-UnlockPickup-v0,max_perf/MiniGrid-UnlockPickup-v0,na_lp/MiniGrid-UnlockPickup-v0,mr/MiniGrid-UnlockPickup-v0,anc_mr/MiniGrid-UnlockPickup-v0,learning_state/MiniGrid-UnlockPickup-v0,pre_attention/MiniGrid-UnlockPickup-v0,proba/MiniGrid-BlockedUnlockPickup-v0,perf/MiniGrid-BlockedUnlockPickup-v0,lp/MiniGrid-BlockedUnlockPickup-v0,attention/MiniGrid-BlockedUnlockPickup-v0,max_perf/MiniGrid-BlockedUnlockPickup-v0,na_lp/MiniGrid-BlockedUnlockPickup-v0,mr/MiniGrid-BlockedUnlockPickup-v0,anc_mr/MiniGrid-BlockedUnlockPickup-v0,learning_state/MiniGrid-BlockedUnlockPickup-v0,pre_attention/MiniGrid-BlockedUnlockPickup-v0
0.9499999537500035,0.0,0.0,0.38000001,0.5,0.0,0.0,1.0,0.5,0.5,0.050000021249998416,,0.0,0.020000010000000006,0.5,0.0,0.0,0.0,0.5,0.0,2.499999812500014e-08,,0.0,1e-08,0.5,0.0,0.0,0.0,0.5,0.0
proba/MiniGrid-Unlock-v0,perf/MiniGrid-Unlock-v0,lp/MiniGrid-Unlock-v0,attention/MiniGrid-Unlock-v0,max_perf/MiniGrid-Unlock-v0,na_lp/MiniGrid-Unlock-v0,mr/MiniGrid-Unlock-v0,anc_mr/MiniGrid-Unlock-v0,learning_state/MiniGrid-Unlock-v0,pre_attention/MiniGrid-Unlock-v0,proba/MiniGrid-UnlockPickup-v0,perf/MiniGrid-UnlockPickup-v0,lp/MiniGrid-UnlockPickup-v0,attention/MiniGrid-UnlockPickup-v0,max_perf/MiniGrid-UnlockPickup-v0,na_lp/MiniGrid-UnlockPickup-v0,mr/MiniGrid-UnlockPickup-v0,anc_mr/MiniGrid-UnlockPickup-v0,learning_state/MiniGrid-UnlockPickup-v0,pre_attention/MiniGrid-UnlockPickup-v0,proba/MiniGrid-BlockedUnlockPickup-v0,perf/MiniGrid-BlockedUnlockPickup-v0,lp/MiniGrid-BlockedUnlockPickup-v0,attention/MiniGrid-BlockedUnlockPickup-v0,max_perf/MiniGrid-BlockedUnlockPickup-v0,na_lp/MiniGrid-BlockedUnlockPickup-v0,mr/MiniGrid-BlockedUnlockPickup-v0,anc_mr/MiniGrid-BlockedUnlockPickup-v0,learning_state/MiniGrid-BlockedUnlockPickup-v0,pre_attention/MiniGrid-BlockedUnlockPickup-v0
0.9499999537500035,,0.0,0.38000001,0.5,0.0,0.0,1.0,0.5,0.5,0.050000021249998416,,0.0,0.020000010000000006,0.5,0.0,0.0,0.0,0.5,0.0,2.499999812500014e-08,,0.0,1e-08,0.5,0.0,0.0,0.0,0.5,0.0
0.9499999537500035,,0.0,0.38000001,0.5,0.0,0.0,1.0,0.5,0.5,0.050000021249998416,,0.0,0.020000010000000006,0.5,0.0,0.0,0.0,0.5,0.0,2.499999812500014e-08,,0.0,1e-08,0.5,0.0,0.0,0.0,0.5,0.0
0.9499999537500035,0.0,0.0,0.38000001,0.5,0.0,0.0,1.0,0.5,0.5,0.050000021249998416,,0.0,0.020000010000000006,0.5,0.0,0.0,0.0,0.5,0.0,2.499999812500014e-08,,0.0,1e-08,0.5,0.0,0.0,0.0,0.5,0.0
0.9499999537500035,,0.0,0.38000001,0.5,0.0,0.0,1.0,0.5,0.5,0.050000021249998416,,0.0,0.020000010000000006,0.5,0.0,0.0,0.0,0.5,0.0,2.499999812500014e-08,,0.0,1e-08,0.5,0.0,0.0,0.0,0.5,0.0
0.9499999537500035,0.0,0.0,0.38000001,0.5,0.0,0.0,1.0,0.5,0.5,0.050000021249998416,,0.0,0.020000010000000006,0.5,0.0,0.0,0.0,0.5,0.0,2.499999812500014e-08,,0.0,1e-08,0.5,0.0,0.0,0.0,0.5,0.0
0.9499999537500035,,0.0,0.38000001,0.5,0.0,0.0,1.0,0.5,0.5,0.050000021249998416,,0.0,0.020000010000000006,0.5,0.0,0.0,0.0,0.5,0.0,2.499999812500014e-08,,0.0,1e-08,0.5,0.0,0.0,0.0,0.5,0.0
0.949999933948811,0.265625,0.010133286429018137,0.7347656415172943,0.5,1.0,0.06640625,1.0,0.966796875,0.966796875,0.050000050904423624,,0.0,0.03867191792948669,0.5,0.0,0.0,0.06640625,0.5,4.2876935779645464e-08,1.5146765386102748e-08,,0.0,1.1715077431185818e-08,0.5,0.0,0.0,0.0,0.5,0.0
0.949999933948811,,0.010133286429018137,0.7347656415172943,0.5,1.0,0.06640625,1.0,0.966796875,0.966796875,0.050000050904423624,,0.0,0.03867191792948669,0.5,0.0,0.0,0.06640625,0.5,4.2876935779645464e-08,1.5146765386102748e-08,,0.0,1.1715077431185818e-08,0.5,0.0,0.0,0.0,0.5,0.0
0.9499999554682803,0.0,0.0061700295275590586,0.7375694576592315,0.5,1.0,0.059027777777777776,1.0,0.9704861111111112,0.9704861111111112,0.05000003056192186,,0.0,0.03881947068757841,0.5,0.0,0.0,0.059027777777777776,0.5,2.1149914013068954e-08,1.3969797884806407e-08,,0.0,1.0845996560522758e-08,0.5,0.0,0.0,0.0,0.5,0.0
0.9499999554682803,,0.0061700295275590586,0.7375694576592315,0.5,1.0,0.059027777777777776,1.0,0.9704861111111112,0.9704861111111112,0.05000003056192186,,0.0,0.03881947068757841,0.5,0.0,0.0,0.059027777777777776,0.5,2.1149914013068954e-08,1.3969797884806407e-08,,0.0,1.0845996560522758e-08,0.5,0.0,0.0,0.0,0.5,0.0
0.9499999652746755,0.0,0.003819444444444445,0.7398125117084695,0.5,1.0,0.053125,1.0,0.9734375,0.9734375,0.0500000213069018,,0.0,0.038937518632267354,0.5,0.0,0.0,0.053125,0.5,1.1239931453019379e-08,1.3418422742573134e-08,,0.0,1.0449597258120775e-08,0.5,0.0,0.0,0.0,0.5,0.0
0.9499999652746755,,0.003819444444444445,0.7398125117084695,0.5,1.0,0.053125,1.0,0.9734375,0.9734375,0.0500000213069018,,0.0,0.038937518632267354,0.5,0.0,0.0,0.053125,0.5,1.1239931453019379e-08,1.3418422742573134e-08,,0.0,1.0449597258120775e-08,0.5,0.0,0.0,0.0,0.5,0.0
0.9499999652746755,,0.003819444444444445,0.7398125117084695,0.5,1.0,0.053125,1.0,0.9734375,0.9734375,0.0500000213069018,,0.0,0.038937518632267354,0.5,0.0,0.0,0.053125,0.5,1.1239931453019379e-08,1.3418422742573134e-08,,0.0,1.0449597258120775e-08,0.5,0.0,0.0,0.0,0.5,0.0
0.9499999652746755,0.0,0.002190858535366159,0.7398125117084695,0.5,1.0,0.053125,1.0,0.9734375,0.9734375,0.0500000213069018,,0.0,0.038937518632267354,0.5,0.0,0.0,0.053125,0.5,1.1239931453019379e-08,1.3418422742573134e-08,,0.0,1.0449597258120775e-08,0.5,0.0,0.0,0.0,0.5,0.0
0.9499999652746755,,0.002190858535366159,0.7398125117084695,0.5,1.0,0.053125,1.0,0.9734375,0.9734375,0.0500000213069018,,0.0,0.038937518632267354,0.5,0.0,0.0,0.053125,0.5,1.1239931453019379e-08,1.3418422742573134e-08,,0.0,1.0449597258120775e-08,0.5,0.0,0.0,0.0,0.5,0.0
0.9499999652746755,0.0,0.000714569576913671,0.7398125117084695,0.5,1.0,0.053125,1.0,0.9734375,0.9734375,0.0500000213069018,,0.0,0.038937518632267354,0.5,0.0,0.0,0.053125,0.5,1.1239931453019379e-08,1.3418422742573134e-08,,0.0,1.0449597258120775e-08,0.5,0.0,0.0,0.0,0.5,0.0
0.9499999652746755,,0.000714569576913671,0.7398125117084695,0.5,1.0,0.053125,1.0,0.9734375,0.9734375,0.0500000213069018,,0.0,0.038937518632267354,0.5,0.0,0.0,0.053125,0.5,1.1239931453019379e-08,1.3418422742573134e-08,,0.0,1.0449597258120775e-08,0.5,0.0,0.0,0.0,0.5,0.0
0.9499999652746755,0.0,-0.0007145695769136707,0.7398125117084695,0.5,1.0,0.053125,1.0,0.9734375,0.9734375,0.0500000213069018,,0.0,0.038937518632267354,0.5,0.0,0.0,0.053125,0.5,1.1239931453019379e-08,1.3418422742573134e-08,,0.0,1.0449597258120775e-08,0.5,0.0,0.0,0.0,0.5,0.0
0.9499999652746755,,-0.0007145695769136707,0.7398125117084695,0.5,1.0,0.053125,1.0,0.9734375,0.9734375,0.0500000213069018,,0.0,0.038937518632267354,0.5,0.0,0.0,0.053125,0.5,1.1239931453019379e-08,1.3418422742573134e-08,,0.0,1.0449597258120775e-08,0.5,0.0,0.0,0.0,0.5,0.0
0.9499999652746755,0.0,-0.002190858535366158,0.7398125117084695,0.5,1.0,0.053125,1.0,0.9734375,0.9734375,0.0500000213069018,,0.0,0.038937518632267354,0.5,0.0,0.0,0.053125,0.5,1.1239931453019379e-08,1.3418422742573134e-08,,0.0,1.0449597258120775e-08,0.5,0.0,0.0,0.0,0.5,0.0
0.9499999652746755,,-0.002190858535366158,0.7398125117084695,0.5,1.0,0.053125,1.0,0.9734375,0.9734375,0.0500000213069018,,0.0,0.038937518632267354,0.5,0.0,0.0,0.053125,0.5,1.1239931453019379e-08,1.3418422742573134e-08,,0.0,1.0449597258120775e-08,0.5,0.0,0.0,0.0,0.5,0.0
0.9499999652746755,,-0.002190858535366158,0.7398125117084695,0.5,1.0,0.053125,1.0,0.9734375,0.9734375,0.0500000213069018,,0.0,0.038937518632267354,0.5,0.0,0.0,0.053125,0.5,1.1239931453019379e-08,1.3418422742573134e-08,,0.0,1.0449597258120775e-08,0.5,0.0,0.0,0.0,0.5,0.0
0.9499999652746755,0.0,-0.0036965705765407567,0.7398125117084695,0.5,1.0,0.053125,1.0,0.9734375,0.9734375,0.0500000213069018,,0.0,0.038937518632267354,0.5,0.0,0.0,0.053125,0.5,1.1239931453019379e-08,1.3418422742573134e-08,,0.0,1.0449597258120775e-08,0.5,0.0,0.0,0.0,0.5,0.0
0.9499999652746755,,-0.0036965705765407567,0.7398125117084695,0.5,1.0,0.053125,1.0,0.9734375,0.9734375,0.0500000213069018,,0.0,0.038937518632267354,0.5,0.0,0.0,0.053125,0.5,1.1239931453019379e-08,1.3418422742573134e-08,,0.0,1.0449597258120775e-08,0.5,0.0,0.0,0.0,0.5,0.0
0.9499999652746755,0.0,-0.004985262271414813,0.7398125117084695,0.5,1.0,0.053125,1.0,0.9734375,0.9734375,0.0500000213069018,,0.0,0.038937518632267354,0.5,0.0,0.0,0.053125,0.5,1.1239931453019379e-08,1.3418422742573134e-08,,0.0,1.0449597258120775e-08,0.5,0.0,0.0,0.0,0.5,0.0
0.9499999652746755,,-0.004985262271414813,0.7398125117084695,0.5,1.0,0.053125,1.0,0.9734375,0.9734375,0.0500000213069018,,0.0,0.038937518632267354,0.5,0.0,0.0,0.053125,0.5,1.1239931453019379e-08,1.3418422742573134e-08,,0.0,1.0449597258120775e-08,0.5,0.0,0.0,0.0,0.5,0.0
0.9499999652746755,0.0,-0.006324404761904761,0.7398125117084695,0.5,1.0,0.053125,1.0,0.9734375,0.9734375,0.0500000213069018,,0.0,0.038937518632267354,0.5,0.0,0.0,0.053125,0.5,1.1239931453019379e-08,1.3418422742573134e-08,,0.0,1.0449597258120775e-08,0.5,0.0,0.0,0.0,0.5,0.0
0.9499999652746755,,-0.006324404761904761,0.7398125117084695,0.5,1.0,0.053125,1.0,0.9734375,0.9734375,0.0500000213069018,,0.0,0.038937518632267354,0.5,0.0,0.0,0.053125,0.5,1.1239931453019379e-08,1.3418422742573134e-08,,0.0,1.0449597258120775e-08,0.5,0.0,0.0,0.0,0.5,0.0
0.9499999537500035,0.0,0.0,0.38000001,0.5,0.0,0.0,1.0,0.5,0.5,0.050000021249998416,,0.0,0.020000010000000006,0.5,0.0,0.0,0.0,0.5,0.0,2.499999812500014e-08,,0.0,1e-08,0.5,0.0,0.0,0.0,0.5,0.0
0.9499999537500035,,0.0,0.38000001,0.5,0.0,0.0,1.0,0.5,0.5,0.050000021249998416,,0.0,0.020000010000000006,0.5,0.0,0.0,0.0,0.5,0.0,2.499999812500014e-08,,0.0,1e-08,0.5,0.0,0.0,0.0,0.5,0.0
0.9499999537500035,,0.0,0.38000001,0.5,0.0,0.0,1.0,0.5,0.5,0.050000021249998416,,0.0,0.020000010000000006,0.5,0.0,0.0,0.0,0.5,0.0,2.499999812500014e-08,,0.0,1e-08,0.5,0.0,0.0,0.0,0.5,0.0
0.949999784550521,0.4265625,0.010600961538461542,0.7275812893014832,0.5,1.0,0.0853125,1.0,0.9573437499999999,0.9573437499999999,0.05000019232441079,,0.0,0.03829390804959944,0.5,0.0,0.0,0.0853125,0.5,1.9277291593043553e-07,2.3125068273404933e-08,,0.0,1.771091663721742e-08,0.5,0.0,0.0,0.0,0.5,0.0
0.949999784550521,,0.010600961538461542,0.7275812893014832,0.5,1.0,0.0853125,1.0,0.9573437499999999,0.9573437499999999,0.05000019232441079,,0.0,0.03829390804959944,0.5,0.0,0.0,0.0853125,0.5,1.9277291593043553e-07,2.3125068273404933e-08,,0.0,1.771091663721742e-08,0.5,0.0,0.0,0.0,0.5,0.0
0.949999784550521,0.0,0.008416295717035614,0.7275812893014832,0.5,1.0,0.0853125,1.0,0.9573437499999999,0.9573437499999999,0.05000019232441079,,0.0,0.03829390804959944,0.5,0.0,0.0,0.0853125,0.5,1.9277291593043553e-07,2.3125068273404933e-08,,0.0,1.771091663721742e-08,0.5,0.0,0.0,0.0,0.5,0.0
0.949999784550521,,0.008416295717035614,0.7275812893014832,0.5,1.0,0.0853125,1.0,0.9573437499999999,0.9573437499999999,0.05000019232441079,,0.0,0.03829390804959944,0.5,0.0,0.0,0.0853125,0.5,1.9277291593043553e-07,2.3125068273404933e-08,,0.0,1.771091663721742e-08,0.5,0.0,0.0,0.0,0.5,0.0
0.949999784550521,,0.008416295717035614,0.7275812893014832,0.5,1.0,0.0853125,1.0,0.9573437499999999,0.9573437499999999,0.05000019232441079,0.0,0.0,0.03829390804959944,0.5,0.0,0.0,0.0853125,0.5,1.9277291593043553e-07,2.3125068273404933e-08,,0.0,1.771091663721742e-08,0.5,0.0,0.0,0.0,0.5,0.0
0.949999784550521,,0.008416295717035614,0.7275812893014832,0.5,1.0,0.0853125,1.0,0.9573437499999999,0.9573437499999999,0.05000019232441079,,0.0,0.03829390804959944,0.5,0.0,0.0,0.0853125,0.5,1.9277291593043553e-07,2.3125068273404933e-08,,0.0,1.771091663721742e-08,0.5,0.0,0.0,0.0,0.5,0.0
0.949999784550521,,0.008416295717035614,0.7275812893014832,0.5,1.0,0.0853125,1.0,0.9573437499999999,0.9573437499999999,0.05000019232441079,,0.0,0.03829390804959944,0.5,0.0,0.0,0.0853125,0.5,1.9277291593043553e-07,2.3125068273404933e-08,,0.0,1.771091663721742e-08,0.5,0.0,0.0,0.0,0.5,0.0
0.949999784550521,0.0,0.004981369084204053,0.7275812893014832,0.5,1.0,0.0853125,1.0,0.9573437499999999,0.9573437499999999,0.05000019232441079,,0.0,0.03829390804959944,0.5,0.0,0.0,0.0853125,0.5,1.9277291593043553e-07,2.3125068273404933e-08,,0.0,1.771091663721742e-08,0.5,0.0,0.0,0.0,0.5,0.0
0.949999784550521,,0.004981369084204053,0.7275812893014832,0.5,1.0,0.0853125,1.0,0.9573437499999999,0.9573437499999999,0.05000019232441079,,0.0,0.03829390804959944,0.5,0.0,0.0,0.0853125,0.5,1.9277291593043553e-07,2.3125068273404933e-08,,0.0,1.771091663721742e-08,0.5,0.0,0.0,0.0,0.5,0.0
0.949999784550521,0.0,0.0025485436893203815,0.7275812893014832,0.5,1.0,0.0853125,1.0,0.9573437499999999,0.9573437499999999,0.05000019232441079,,0.0,0.03829390804959944,0.5,0.0,0.0,0.0853125,0.5,1.9277291593043553e-07,2.3125068273404933e-08,,0.0,1.771091663721742e-08,0.5,0.0,0.0,0.0,0.5,0.0
0.949999784550521,,0.0025485436893203815,0.7275812893014832,0.5,1.0,0.0853125,1.0,0.9573437499999999,0.9573437499999999,0.05000019232441079,,0.0,0.03829390804959944,0.5,0.0,0.0,0.0853125,0.5,1.9277291593043553e-07,2.3125068273404933e-08,,0.0,1.771091663721742e-08,0.5,0.0,0.0,0.0,0.5,0.0
0.949999784550521,0.0,0.0005350183658842523,0.7275812893014832,0.5,1.0,0.0853125,1.0,0.9573437499999999,0.9573437499999999,0.05000019232441079,,0.0,0.03829390804959944,0.5,0.0,0.0,0.0853125,0.5,1.9277291593043553e-07,2.3125068273404933e-08,,0.0,1.771091663721742e-08,0.5,0.0,0.0,0.0,0.5,0.0
0.949999784550521,,0.0005350183658842523,0.7275812893014832,0.5,1.0,0.0853125,1.0,0.9573437499999999,0.9573437499999999,0.05000019232441079,,0.0,0.03829390804959944,0.5,0.0,0.0,0.0853125,0.5,1.9277291593043553e-07,2.3125068273404933e-08,,0.0,1.771091663721742e-08,0.5,0.0,0.0,0.0,0.5,0.0
0.949999784550521,0.0,-0.0013819519438444854,0.7275812893014832,0.5,1.0,0.0853125,1.0,0.9573437499999999,0.9573437499999999,0.05000019232441079,,0.0,0.03829390804959944,0.5,0.0,0.0,0.0853125,0.5,1.9277291593043553e-07,2.3125068273404933e-08,,0.0,1.771091663721742e-08,0.5,0.0,0.0,0.0,0.5,0.0
0.949999784550521,,-0.0013819519438444854,0.7275812893014832,0.5,1.0,0.0853125,1.0,0.9573437499999999,0.9573437499999999,0.05000019232441079,,0.0,0.03829390804959944,0.5,0.0,0.0,0.0853125,0.5,1.9277291593043553e-07,2.3125068273404933e-08,,0.0,1.771091663721742e-08,0.5,0.0,0.0,0.0,0.5,0.0
0.949999784550521,,-0.0013819519438444854,0.7275812893014832,0.5,1.0,0.0853125,1.0,0.9573437499999999,0.9573437499999999,0.05000019232441079,,0.0,0.03829390804959944,0.5,0.0,0.0,0.0853125,0.5,1.9277291593043553e-07,2.3125068273404933e-08,,0.0,1.771091663721742e-08,0.5,0.0,0.0,0.0,0.5,0.0
0.949999784550521,0.0,-0.0031728399065905646,0.7275812893014832,0.5,1.0,0.0853125,1.0,0.9573437499999999,0.9573437499999999,0.05000019232441079,,0.0,0.03829390804959944,0.5,0.0,0.0,0.0853125,0.5,1.9277291593043553e-07,2.3125068273404933e-08,,0.0,1.771091663721742e-08,0.5,0.0,0.0,0.0,0.5,0.0
0.949999784550521,,-0.0031728399065905646,0.7275812893014832,0.5,1.0,0.0853125,1.0,0.9573437499999999,0.9573437499999999,0.05000019232441079,,0.0,0.03829390804959944,0.5,0.0,0.0,0.0853125,0.5,1.9277291593043553e-07,2.3125068273404933e-08,,0.0,1.771091663721742e-08,0.5,0.0,0.0,0.0,0.5,0.0
0.949999784550521,0.0,-0.005039306810284912,0.7275812893014832,0.5,1.0,0.0853125,1.0,0.9573437499999999,0.9573437499999999,0.05000019232441079,,0.0,0.03829390804959944,0.5,0.0,0.0,0.0853125,0.5,1.9277291593043553e-07,2.3125068273404933e-08,,0.0,1.771091663721742e-08,0.5,0.0,0.0,0.0,0.5,0.0
0.9499556872345222,0.61875,0.004054918498862776,0.6805626055669267,0.5,1.0,0.2090625,1.0,0.89546875,0.89546875,0.05004196791538155,,0.0,0.03585082181183974,0.5,0.0,0.0,0.2090625,0.5,4.174715083298251e-05,2.3448500963818797e-06,,0.0,1.6798860333193003e-06,0.5,0.0,0.0,0.0,0.5,0.0
0.9499556872345222,,0.004054918498862776,0.6805626055669267,0.5,1.0,0.2090625,1.0,0.89546875,0.89546875,0.05004196791538155,,0.0,0.03585082181183974,0.5,0.0,0.0,0.2090625,0.5,4.174715083298251e-05,2.3448500963818797e-06,,0.0,1.6798860333193003e-06,0.5,0.0,0.0,0.0,0.5,0.0
0.9499556872345222,0.0,-0.0008022914856646401,0.6805626055669267,0.5,1.0,0.2090625,1.0,0.89546875,0.89546875,0.05004196791538155,,0.0,0.03585082181183974,0.5,0.0,0.0,0.2090625,0.5,4.174715083298251e-05,2.3448500963818797e-06,,0.0,1.6798860333193003e-06,0.5,0.0,0.0,0.0,0.5,0.0
0.9499556872345222,,-0.0008022914856646401,0.6805626055669267,0.5,1.0,0.2090625,1.0,0.89546875,0.89546875,0.05004196791538155,,0.0,0.03585082181183974,0.5,0.0,0.0,0.2090625,0.5,4.174715083298251e-05,2.3448500963818797e-06,,0.0,1.6798860333193003e-06,0.5,0.0,0.0,0.0,0.5,0.0
0.9499981568924277,0.0,0.007832278481012657,0.7129752829510931,0.5,1.0,0.12375,1.0,0.938125,0.938125,0.05000173407486897,,0.0,0.0375263891213126,0.5,0.0,0.0,0.12375,0.5,1.7957308757801056e-06,1.0903270326258104e-07,,0.0,8.182923503120422e-08,0.5,0.0,0.0,0.0,0.5,0.0
0.9499981568924277,,0.007832278481012657,0.7129752829510931,0.5,1.0,0.12375,1.0,0.938125,0.938125,0.05000173407486897,,0.0,0.0375263891213126,0.5,0.0,0.0,0.12375,0.5,1.7957308757801056e-06,1.0903270326258104e-07,,0.0,8.182923503120422e-08,0.5,0.0,0.0,0.0,0.5,0.0
0.9499981568924277,,0.007832278481012657,0.7129752829510931,0.5,1.0,0.12375,1.0,0.938125,0.938125,0.05000173407486897,,0.0,0.0375263891213126,0.5,0.0,0.0,0.12375,0.5,1.7957308757801056e-06,1.0903270326258104e-07,,0.0,8.182923503120422e-08,0.5,0.0,0.0,0.0,0.5,0.0
0.9499981568924277,0.0,0.004771850899742936,0.7129752829510931,0.5,1.0,0.12375,1.0,0.938125,0.938125,0.05000173407486897,,0.0,0.0375263891213126,0.5,0.0,0.0,0.12375,0.5,1.7957308757801056e-06,1.0903270326258104e-07,,0.0,8.182923503120422e-08,0.5,0.0,0.0,0.0,0.5,0.0
0.9499981568924277,,0.004771850899742936,0.7129752829510931,0.5,1.0,0.12375,1.0,0.938125,0.938125,0.05000173407486897,,0.0,0.0375263891213126,0.5,0.0,0.0,0.12375,0.5,1.7957308757801056e-06,1.0903270326258104e-07,,0.0,8.182923503120422e-08,0.5,0.0,0.0,0.0,0.5,0.0
0.9499981568924277,,0.004771850899742936,0.7129752829510931,0.5,1.0,0.12375,1.0,0.938125,0.938125,0.05000173407486897,0.0,0.0,0.0375263891213126,0.5,0.0,0.0,0.12375,0.5,1.7957308757801056e-06,1.0903270326258104e-07,,0.0,8.182923503120422e-08,0.5,0.0,0.0,0.0,0.5,0.0
0.9499981568924277,,0.004771850899742936,0.7129752829510931,0.5,1.0,0.12375,1.0,0.938125,0.938125,0.05000173407486897,,0.0,0.0375263891213126,0.5,0.0,0.0,0.12375,0.5,1.7957308757801056e-06,1.0903270326258104e-07,,0.0,8.182923503120422e-08,0.5,0.0,0.0,0.0,0.5,0.0
0.9499981568924277,0.0,0.0006212349397590322,0.7129752829510931,0.5,1.0,0.12375,1.0,0.938125,0.938125,0.05000173407486897,,0.0,0.0375263891213126,0.5,0.0,0.0,0.12375,0.5,1.7957308757801056e-06,1.0903270326258104e-07,,0.0,8.182923503120422e-08,0.5,0.0,0.0,0.0,0.5,0.0
0.9499981568924277,,0.0006212349397590322,0.7129752829510931,0.5,1.0,0.12375,1.0,0.938125,0.938125,0.05000173407486897,,0.0,0.0375263891213126,0.5,0.0,0.0,0.12375,0.5,1.7957308757801056e-06,1.0903270326258104e-07,,0.0,8.182923503120422e-08,0.5,0.0,0.0,0.0,0.5,0.0
0.9499981568924277,0.0,-0.0027156964656964645,0.7129752829510931,0.5,1.0,0.12375,1.0,0.938125,0.938125,0.05000173407486897,,0.0,0.0375263891213126,0.5,0.0,0.0,0.12375,0.5,1.7957308757801056e-06,1.0903270326258104e-07,,0.0,8.182923503120422e-08,0.5,0.0,0.0,0.0,0.5,0.0
0.9499981568924277,,-0.0027156964656964645,0.7129752829510931,0.5,1.0,0.12375,1.0,0.938125,0.938125,0.05000173407486897,,0.0,0.0375263891213126,0.5,0.0,0.0,0.12375,0.5,1.7957308757801056e-06,1.0903270326258104e-07,,0.0,8.182923503120422e-08,0.5,0.0,0.0,0.0,0.5,0.0
0.9499981568924277,,-0.0027156964656964645,0.7129752829510931,0.5,1.0,0.12375,1.0,0.938125,0.938125,0.05000173407486897,,0.0,0.0375263891213126,0.5,0.0,0.0,0.12375,0.5,1.7957308757801056e-06,1.0903270326258104e-07,,0.0,8.182923503120422e-08,0.5,0.0,0.0,0.0,0.5,0.0
0.9499981568924277,0.0,-0.0055883742911152995,0.7129752829510931,0.5,1.0,0.12375,1.0,0.938125,0.938125,0.05000173407486897,,0.0,0.0375263891213126,0.5,0.0,0.0,0.12375,0.5,1.7957308757801056e-06,1.0903270326258104e-07,,0.0,8.182923503120422e-08,0.5,0.0,0.0,0.0,0.5,0.0
0.9499981568924277,,-0.0055883742911152995,0.7129752829510931,0.5,1.0,0.12375,1.0,0.938125,0.938125,0.05000173407486897,,0.0,0.0375263891213126,0.5,0.0,0.0,0.12375,0.5,1.7957308757801056e-06,1.0903270326258104e-07,,0.0,8.182923503120422e-08,0.5,0.0,0.0,0.0,0.5,0.0
0.9499981568924277,0.0,-0.008289592081583669,0.7129752829510931,0.5,1.0,0.12375,1.0,0.938125,0.938125,0.05000173407486897,,0.0,0.0375263891213126,0.5,0.0,0.0,0.12375,0.5,1.7957308757801056e-06,1.0903270326258104e-07,,0.0,8.182923503120422e-08,0.5,0.0,0.0,0.0,0.5,0.0
0.9499981568924277,,-0.008289592081583669,0.7129752829510931,0.5,1.0,0.12375,1.0,0.938125,0.938125,0.05000173407486897,,0.0,0.0375263891213126,0.5,0.0,0.0,0.12375,0.5,1.7957308757801056e-06,1.0903270326258104e-07,,0.0,8.182923503120422e-08,0.5,0.0,0.0,0.0,0.5,0.0
0.9499981568924277,0.0,-0.010507075471698093,0.7129752829510931,0.5,1.0,0.12375,1.0,0.938125,0.938125,0.05000173407486897,,0.0,0.0375263891213126,0.5,0.0,0.0,0.12375,0.5,1.7957308757801056e-06,1.0903270326258104e-07,,0.0,8.182923503120422e-08,0.5,0.0,0.0,0.0,0.5,0.0
0.9499981568924277,,-0.010507075471698093,0.7129752829510931,0.5,1.0,0.12375,1.0,0.938125,0.938125,0.05000173407486897,,0.0,0.0375263891213126,0.5,0.0,0.0,0.12375,0.5,1.7957308757801056e-06,1.0903270326258104e-07,,0.0,8.182923503120422e-08,0.5,0.0,0.0,0.0,0.5,0.0
0.9499981568924277,0.0,-0.012803286943783175,0.7129752829510931,0.5,1.0,0.12375,1.0,0.938125,0.938125,0.05000173407486897,,0.0,0.0375263891213126,0.5,0.0,0.0,0.12375,0.5,1.7957308757801056e-06,1.0903270326258104e-07,,0.0,8.182923503120422e-08,0.5,0.0,0.0,0.0,0.5,0.0
0.9499981568924277,,-0.012803286943783175,0.7129752829510931,0.5,1.0,0.12375,1.0,0.938125,0.938125,0.05000173407486897,,0.0,0.0375263891213126,0.5,0.0,0.0,0.12375,0.5,1.7957308757801056e-06,1.0903270326258104e-07,,0.0,8.182923503120422e-08,0.5,0.0,0.0,0.0,0.5,0.0
0.9499981568924277,,-0.012803286943783175,0.7129752829510931,0.5,1.0,0.12375,1.0,0.938125,0.938125,0.05000173407486897,,0.0,0.0375263891213126,0.5,0.0,0.0,0.12375,0.5,1.7957308757801056e-06,1.0903270326258104e-07,,0.0,8.182923503120422e-08,0.5,0.0,0.0,0.0,0.5,0.0
0.9499999537500035,0.0,0.0,0.38000001,0.5,0.0,0.0,1.0,0.5,0.5,0.050000021249998416,,0.0,0.020000010000000006,0.5,0.0,0.0,0.0,0.5,0.0,2.499999812500014e-08,,0.0,1e-08,0.5,0.0,0.0,0.0,0.5,0.0
0.9499999537500035,,0.0,0.38000001,0.5,0.0,0.0,1.0,0.5,0.5,0.050000021249998416,,0.0,0.020000010000000006,0.5,0.0,0.0,0.0,0.5,0.0,2.499999812500014e-08,,0.0,1e-08,0.5,0.0,0.0,0.0,0.5,0.0
0.9499999537500035,,0.0,0.38000001,0.5,0.0,0.0,1.0,0.5,0.5,0.050000021249998416,0.0,0.0,0.020000010000000006,0.5,0.0,0.0,0.0,0.5,0.0,2.499999812500014e-08,,0.0,1e-08,0.5,0.0,0.0,0.0,0.5,0.0
0.9499999537500035,,0.0,0.38000001,0.5,0.0,0.0,1.0,0.5,0.5,0.050000021249998416,,0.0,0.020000010000000006,0.5,0.0,0.0,0.0,0.5,0.0,2.499999812500014e-08,,0.0,1e-08,0.5,0.0,0.0,0.0,0.5,0.0
0.9499999537500035,0.0,0.0,0.38000001,0.5,0.0,0.0,1.0,0.5,0.5,0.050000021249998416,,0.0,0.020000010000000006,0.5,0.0,0.0,0.0,0.5,0.0,2.499999812500014e-08,,0.0,1e-08,0.5,0.0,0.0,0.0,0.5,0.0
0.9499999537500035,,0.0,0.38000001,0.5,0.0,0.0,1.0,0.5,0.5,0.050000021249998416,,0.0,0.020000010000000006,0.5,0.0,0.0,0.0,0.5,0.0,2.499999812500014e-08,,0.0,1e-08,0.5,0.0,0.0,0.0,0.5,0.0
0.9499999537500035,0.0,0.0,0.38000001,0.5,0.0,0.0,1.0,0.5,0.5,0.050000021249998416,,0.0,0.020000010000000006,0.5,0.0,0.0,0.0,0.5,0.0,2.499999812500014e-08,,0.0,1e-08,0.5,0.0,0.0,0.0,0.5,0.0
0.9499999537500035,,0.0,0.38000001,0.5,0.0,0.0,1.0,0.5,0.5,0.050000021249998416,,0.0,0.020000010000000006,0.5,0.0,0.0,0.0,0.5,0.0,2.499999812500014e-08,,0.0,1e-08,0.5,0.0,0.0,0.0,0.5,0.0
0.9499999537500035,,0.0,0.38000001,0.5,0.0,0.0,1.0,0.5,0.5,0.050000021249998416,,0.0,0.020000010000000006,0.5,0.0,0.0,0.0,0.5,0.0,2.499999812500014e-08,,0.0,1e-08,0.5,0.0,0.0,0.0,0.5,0.0
0.9499999537500035,0.0,0.0,0.38000001,0.5,0.0,0.0,1.0,0.5,0.5,0.050000021249998416,,0.0,0.020000010000000006,0.5,0.0,0.0,0.0,0.5,0.0,2.499999812500014e-08,,0.0,1e-08,0.5,0.0,0.0,0.0,0.5,0.0
0.9499999537500035,,0.0,0.38000001,0.5,0.0,0.0,1.0,0.5,0.5,0.050000021249998416,,0.0,0.020000010000000006,0.5,0.0,0.0,0.0,0.5,0.0,2.499999812500014e-08,,0.0,1e-08,0.5,0.0,0.0,0.0,0.5,0.0
0.9499999537500035,0.0,0.0,0.38000001,0.5,0.0,0.0,1.0,0.5,0.5,0.050000021249998416,,0.0,0.020000010000000006,0.5,0.0,0.0,0.0,0.5,0.0,2.499999812500014e-08,,0.0,1e-08,0.5,0.0,0.0,0.0,0.5,0.0
0.9499999537500035,,0.0,0.38000001,0.5,0.0,0.0,1.0,0.5,0.5,0.050000021249998416,,0.0,0.020000010000000006,0.5,0.0,0.0,0.0,0.5,0.0,2.499999812500014e-08,,0.0,1e-08,0.5,0.0,0.0,0.0,0.5,0.0
0.9499999537500035,0.0,0.0,0.38000001,0.5,0.0,0.0,1.0,0.5,0.5,0.050000021249998416,,0.0,0.020000010000000006,0.5,0.0,0.0,0.0,0.5,0.0,2.499999812500014e-08,,0.0,1e-08,0.5,0.0,0.0,0.0,0.5,0.0
0.9499999537500035,,0.0,0.38000001,0.5,0.0,0.0,1.0,0.5,0.5,0.050000021249998416,,0.0,0.020000010000000006,0.5,0.0,0.0,0.0,0.5,0.0,2.499999812500014e-08,,0.0,1e-08,0.5,0.0,0.0,0.0,0.5,0.0
0.9499999537500035,0.0,0.0,0.38000001,0.5,0.0,0.0,1.0,0.5,0.5,0.050000021249998416,,0.0,0.020000010000000006,0.5,0.0,0.0,0.0,0.5,0.0,2.499999812500014e-08,,0.0,1e-08,0.5,0.0,0.0,0.0,0.5,0.0
0.9499999537500035,,0.0,0.38000001,0.5,0.0,0.0,1.0,0.5,0.5,0.050000021249998416,,0.0,0.020000010000000006,0.5,0.0,0.0,0.0,0.5,0.0,2.499999812500014e-08,,0.0,1e-08,0.5,0.0,0.0,0.0,0.5,0.0
0.9499999537500035,,0.0,0.38000001,0.5,0.0,0.0,1.0,0.5,0.5,0.050000021249998416,,0.0,0.020000010000000006,0.5,0.0,0.0,0.0,0.5,0.0,2.499999812500014e-08,,0.0,1e-08,0.5,0.0,0.0,0.0,0.5,0.0
0.9499999537500035,0.0,0.0,0.38000001,0.5,0.0,0.0,1.0,0.5,0.5,0.050000021249998416,,0.0,0.020000010000000006,0.5,0.0,0.0,0.0,0.5,0.0,2.499999812500014e-08,,0.0,1e-08,0.5,0.0,0.0,0.0,0.5,0.0
0.9499999537500035,,0.0,0.38000001,0.5,0.0,0.0,1.0,0.5,0.5,0.050000021249998416,,0.0,0.020000010000000006,0.5,0.0,0.0,0.0,0.5,0.0,2.499999812500014e-08,,0.0,1e-08,0.5,0.0,0.0,0.0,0.5,0.0
0.9499999537500035,0.0,0.0,0.38000001,0.5,0.0,0.0,1.0,0.5,0.5,0.050000021249998416,,0.0,0.020000010000000006,0.5,0.0,0.0,0.0,0.5,0.0,2.499999812500014e-08,,0.0,1e-08,0.5,0.0,0.0,0.0,0.5,0.0
