proba/MiniGrid-Unlock-v0,perf/MiniGrid-Unlock-v0,lp/MiniGrid-Unlock-v0,attention/MiniGrid-Unlock-v0,max_perf/MiniGrid-Unlock-v0,na_lp/MiniGrid-Unlock-v0,mr/MiniGrid-Unlock-v0,anc_mr/MiniGrid-Unlock-v0,learning_state/MiniGrid-Unlock-v0,pre_attention/MiniGrid-Unlock-v0,proba/MiniGrid-UnlockPickup-v0,perf/MiniGrid-UnlockPickup-v0,lp/MiniGrid-UnlockPickup-v0,attention/MiniGrid-UnlockPickup-v0,max_perf/MiniGrid-UnlockPickup-v0,na_lp/MiniGrid-UnlockPickup-v0,mr/MiniGrid-UnlockPickup-v0,anc_mr/MiniGrid-UnlockPickup-v0,learning_state/MiniGrid-UnlockPickup-v0,pre_attention/MiniGrid-UnlockPickup-v0,proba/MiniGrid-BlockedUnlockPickup-v0,perf/MiniGrid-BlockedUnlockPickup-v0,lp/MiniGrid-BlockedUnlockPickup-v0,attention/MiniGrid-BlockedUnlockPickup-v0,max_perf/MiniGrid-BlockedUnlockPickup-v0,na_lp/MiniGrid-BlockedUnlockPickup-v0,mr/MiniGrid-BlockedUnlockPickup-v0,anc_mr/MiniGrid-BlockedUnlockPickup-v0,learning_state/MiniGrid-BlockedUnlockPickup-v0,pre_attention/MiniGrid-BlockedUnlockPickup-v0
0.9499999537500035,0.0,0.0,0.38000001,0.5,0.0,0.0,1.0,0.5,0.5,0.050000021249998416,,0.0,0.020000010000000006,0.5,0.0,0.0,0.0,0.5,0.0,2.499999812500014e-08,,0.0,1e-08,0.5,0.0,0.0,0.0,0.5,0.0
proba/MiniGrid-Unlock-v0,perf/MiniGrid-Unlock-v0,lp/MiniGrid-Unlock-v0,attention/MiniGrid-Unlock-v0,max_perf/MiniGrid-Unlock-v0,na_lp/MiniGrid-Unlock-v0,mr/MiniGrid-Unlock-v0,anc_mr/MiniGrid-Unlock-v0,learning_state/MiniGrid-Unlock-v0,pre_attention/MiniGrid-Unlock-v0,proba/MiniGrid-UnlockPickup-v0,perf/MiniGrid-UnlockPickup-v0,lp/MiniGrid-UnlockPickup-v0,attention/MiniGrid-UnlockPickup-v0,max_perf/MiniGrid-UnlockPickup-v0,na_lp/MiniGrid-UnlockPickup-v0,mr/MiniGrid-UnlockPickup-v0,anc_mr/MiniGrid-UnlockPickup-v0,learning_state/MiniGrid-UnlockPickup-v0,pre_attention/MiniGrid-UnlockPickup-v0,proba/MiniGrid-BlockedUnlockPickup-v0,perf/MiniGrid-BlockedUnlockPickup-v0,lp/MiniGrid-BlockedUnlockPickup-v0,attention/MiniGrid-BlockedUnlockPickup-v0,max_perf/MiniGrid-BlockedUnlockPickup-v0,na_lp/MiniGrid-BlockedUnlockPickup-v0,mr/MiniGrid-BlockedUnlockPickup-v0,anc_mr/MiniGrid-BlockedUnlockPickup-v0,learning_state/MiniGrid-BlockedUnlockPickup-v0,pre_attention/MiniGrid-BlockedUnlockPickup-v0
0.9499999537500035,,0.0,0.38000001,0.5,0.0,0.0,1.0,0.5,0.5,0.050000021249998416,,0.0,0.020000010000000006,0.5,0.0,0.0,0.0,0.5,0.0,2.499999812500014e-08,,0.0,1e-08,0.5,0.0,0.0,0.0,0.5,0.0
proba/MiniGrid-Unlock-v0,perf/MiniGrid-Unlock-v0,lp/MiniGrid-Unlock-v0,attention/MiniGrid-Unlock-v0,max_perf/MiniGrid-Unlock-v0,na_lp/MiniGrid-Unlock-v0,mr/MiniGrid-Unlock-v0,anc_mr/MiniGrid-Unlock-v0,learning_state/MiniGrid-Unlock-v0,pre_attention/MiniGrid-Unlock-v0,proba/MiniGrid-UnlockPickup-v0,perf/MiniGrid-UnlockPickup-v0,lp/MiniGrid-UnlockPickup-v0,attention/MiniGrid-UnlockPickup-v0,max_perf/MiniGrid-UnlockPickup-v0,na_lp/MiniGrid-UnlockPickup-v0,mr/MiniGrid-UnlockPickup-v0,anc_mr/MiniGrid-UnlockPickup-v0,learning_state/MiniGrid-UnlockPickup-v0,pre_attention/MiniGrid-UnlockPickup-v0,proba/MiniGrid-BlockedUnlockPickup-v0,perf/MiniGrid-BlockedUnlockPickup-v0,lp/MiniGrid-BlockedUnlockPickup-v0,attention/MiniGrid-BlockedUnlockPickup-v0,max_perf/MiniGrid-BlockedUnlockPickup-v0,na_lp/MiniGrid-BlockedUnlockPickup-v0,mr/MiniGrid-BlockedUnlockPickup-v0,anc_mr/MiniGrid-BlockedUnlockPickup-v0,learning_state/MiniGrid-BlockedUnlockPickup-v0,pre_attention/MiniGrid-BlockedUnlockPickup-v0
0.9499999537500035,0.0,0.0,0.38000001,0.5,0.0,0.0,1.0,0.5,0.5,0.050000021249998416,,0.0,0.020000010000000006,0.5,0.0,0.0,0.0,0.5,0.0,2.499999812500014e-08,,0.0,1e-08,0.5,0.0,0.0,0.0,0.5,0.0
proba/MiniGrid-Unlock-v0,perf/MiniGrid-Unlock-v0,lp/MiniGrid-Unlock-v0,attention/MiniGrid-Unlock-v0,max_perf/MiniGrid-Unlock-v0,na_lp/MiniGrid-Unlock-v0,mr/MiniGrid-Unlock-v0,anc_mr/MiniGrid-Unlock-v0,learning_state/MiniGrid-Unlock-v0,pre_attention/MiniGrid-Unlock-v0,proba/MiniGrid-UnlockPickup-v0,perf/MiniGrid-UnlockPickup-v0,lp/MiniGrid-UnlockPickup-v0,attention/MiniGrid-UnlockPickup-v0,max_perf/MiniGrid-UnlockPickup-v0,na_lp/MiniGrid-UnlockPickup-v0,mr/MiniGrid-UnlockPickup-v0,anc_mr/MiniGrid-UnlockPickup-v0,learning_state/MiniGrid-UnlockPickup-v0,pre_attention/MiniGrid-UnlockPickup-v0,proba/MiniGrid-BlockedUnlockPickup-v0,perf/MiniGrid-BlockedUnlockPickup-v0,lp/MiniGrid-BlockedUnlockPickup-v0,attention/MiniGrid-BlockedUnlockPickup-v0,max_perf/MiniGrid-BlockedUnlockPickup-v0,na_lp/MiniGrid-BlockedUnlockPickup-v0,mr/MiniGrid-BlockedUnlockPickup-v0,anc_mr/MiniGrid-BlockedUnlockPickup-v0,learning_state/MiniGrid-BlockedUnlockPickup-v0,pre_attention/MiniGrid-BlockedUnlockPickup-v0
0.9499999537500035,,0.0,0.38000001,0.5,0.0,0.0,1.0,0.5,0.5,0.050000021249998416,,0.0,0.020000010000000006,0.5,0.0,0.0,0.0,0.5,0.0,2.499999812500014e-08,,0.0,1e-08,0.5,0.0,0.0,0.0,0.5,0.0
