{
    "nodes": {
        "KeyCorridorS3R1": {"id": "MiniGrid-KeyCorridorS3R1-v0", "min": 0, "max": 0.5},
        "KeyCorridorS3R2": {"id": "MiniGrid-KeyCorridorS3R2-v0", "min": 0, "max": 0.5},
        "KeyCorridorS3R3": {"id": "MiniGrid-KeyCorridorS3R3-v0", "min": 0, "max": 0.5},
        "KeyCorridorS4R3": {"id": "MiniGrid-KeyCorridorS4R3-v0", "min": 0, "max": 0.5},
        "KeyCorridorS5R3": {"id": "MiniGrid-KeyCorridorS5R3-v0", "min": 0, "max": 0.5},
        "KeyCorridorS6R3": {"id": "MiniGrid-KeyCorridorS6R3-v0", "min": 0, "max": 0.5}
    },
    "edges": [
        ["KeyCorridorS3R1", "KeyCorridorS3R2"],
        ["KeyCorridorS3R2", "KeyCorridorS3R3"],
        ["KeyCorridorS3R3", "KeyCorridorS4R3"],
        ["KeyCorridorS4R3", "KeyCorridorS5R3"],
        ["KeyCorridorS5R3", "KeyCorridorS6R3"]
    ]
}
