proba/MiniGrid-Unlock-v0,perf/MiniGrid-Unlock-v0,lp/MiniGrid-Unlock-v0,attention/MiniGrid-Unlock-v0,max_perf/MiniGrid-Unlock-v0,na_lp/MiniGrid-Unlock-v0,mr/MiniGrid-Unlock-v0,anc_mr/MiniGrid-Unlock-v0,learning_state/MiniGrid-Unlock-v0,pre_attention/MiniGrid-Unlock-v0,proba/MiniGrid-UnlockPickup-v0,perf/MiniGrid-UnlockPickup-v0,lp/MiniGrid-UnlockPickup-v0,attention/MiniGrid-UnlockPickup-v0,max_perf/MiniGrid-UnlockPickup-v0,na_lp/MiniGrid-UnlockPickup-v0,mr/MiniGrid-UnlockPickup-v0,anc_mr/MiniGrid-UnlockPickup-v0,learning_state/MiniGrid-UnlockPickup-v0,pre_attention/MiniGrid-UnlockPickup-v0,proba/MiniGrid-BlockedUnlockPickup-v0,perf/MiniGrid-BlockedUnlockPickup-v0,lp/MiniGrid-BlockedUnlockPickup-v0,attention/MiniGrid-BlockedUnlockPickup-v0,max_perf/MiniGrid-BlockedUnlockPickup-v0,na_lp/MiniGrid-BlockedUnlockPickup-v0,mr/MiniGrid-BlockedUnlockPickup-v0,anc_mr/MiniGrid-BlockedUnlockPickup-v0,learning_state/MiniGrid-BlockedUnlockPickup-v0,pre_attention/MiniGrid-BlockedUnlockPickup-v0
0.9499999537500035,0.0,0.0,0.38000001,0.5,0.0,0.0,1.0,0.5,0.5,0.050000021249998416,0.0,0.0,0.020000010000000006,0.5,0.0,0.0,0.0,0.5,0.0,2.499999812500014e-08,,0.0,1e-08,0.5,0.0,0.0,0.0,0.5,0.0
proba/MiniGrid-Unlock-v0,perf/MiniGrid-Unlock-v0,lp/MiniGrid-Unlock-v0,attention/MiniGrid-Unlock-v0,max_perf/MiniGrid-Unlock-v0,na_lp/MiniGrid-Unlock-v0,mr/MiniGrid-Unlock-v0,anc_mr/MiniGrid-Unlock-v0,learning_state/MiniGrid-Unlock-v0,pre_attention/MiniGrid-Unlock-v0,proba/MiniGrid-UnlockPickup-v0,perf/MiniGrid-UnlockPickup-v0,lp/MiniGrid-UnlockPickup-v0,attention/MiniGrid-UnlockPickup-v0,max_perf/MiniGrid-UnlockPickup-v0,na_lp/MiniGrid-UnlockPickup-v0,mr/MiniGrid-UnlockPickup-v0,anc_mr/MiniGrid-UnlockPickup-v0,learning_state/MiniGrid-UnlockPickup-v0,pre_attention/MiniGrid-UnlockPickup-v0,proba/MiniGrid-BlockedUnlockPickup-v0,perf/MiniGrid-BlockedUnlockPickup-v0,lp/MiniGrid-BlockedUnlockPickup-v0,attention/MiniGrid-BlockedUnlockPickup-v0,max_perf/MiniGrid-BlockedUnlockPickup-v0,na_lp/MiniGrid-BlockedUnlockPickup-v0,mr/MiniGrid-BlockedUnlockPickup-v0,anc_mr/MiniGrid-BlockedUnlockPickup-v0,learning_state/MiniGrid-BlockedUnlockPickup-v0,pre_attention/MiniGrid-BlockedUnlockPickup-v0
0.9499999537500035,,0.0,0.38000001,0.5,0.0,0.0,1.0,0.5,0.5,0.050000021249998416,,0.0,0.020000010000000006,0.5,0.0,0.0,0.0,0.5,0.0,2.499999812500014e-08,,0.0,1e-08,0.5,0.0,0.0,0.0,0.5,0.0
proba/MiniGrid-Unlock-v0,perf/MiniGrid-Unlock-v0,lp/MiniGrid-Unlock-v0,attention/MiniGrid-Unlock-v0,max_perf/MiniGrid-Unlock-v0,na_lp/MiniGrid-Unlock-v0,mr/MiniGrid-Unlock-v0,anc_mr/MiniGrid-Unlock-v0,learning_state/MiniGrid-Unlock-v0,pre_attention/MiniGrid-Unlock-v0,proba/MiniGrid-UnlockPickup-v0,perf/MiniGrid-UnlockPickup-v0,lp/MiniGrid-UnlockPickup-v0,attention/MiniGrid-UnlockPickup-v0,max_perf/MiniGrid-UnlockPickup-v0,na_lp/MiniGrid-UnlockPickup-v0,mr/MiniGrid-UnlockPickup-v0,anc_mr/MiniGrid-UnlockPickup-v0,learning_state/MiniGrid-UnlockPickup-v0,pre_attention/MiniGrid-UnlockPickup-v0,proba/MiniGrid-BlockedUnlockPickup-v0,perf/MiniGrid-BlockedUnlockPickup-v0,lp/MiniGrid-BlockedUnlockPickup-v0,attention/MiniGrid-BlockedUnlockPickup-v0,max_perf/MiniGrid-BlockedUnlockPickup-v0,na_lp/MiniGrid-BlockedUnlockPickup-v0,mr/MiniGrid-BlockedUnlockPickup-v0,anc_mr/MiniGrid-BlockedUnlockPickup-v0,learning_state/MiniGrid-BlockedUnlockPickup-v0,pre_attention/MiniGrid-BlockedUnlockPickup-v0
0.9499999767541008,0.010351562499999994,0.005175781249999994,0.7560664162500935,0.5,1.0,0.010351562499999994,1.0,0.99482421875,0.99482421875,0.050000010680834935,,0.0,0.03979297875047247,0.5,0.0,0.0,0.010351562499999994,0.5,6.151846012880637e-13,1.2565064312303543e-08,,0.0,1.0000024607384053e-08,0.5,0.0,0.0,0.0,0.5,0.0
proba/MiniGrid-Unlock-v0,perf/MiniGrid-Unlock-v0,lp/MiniGrid-Unlock-v0,attention/MiniGrid-Unlock-v0,max_perf/MiniGrid-Unlock-v0,na_lp/MiniGrid-Unlock-v0,mr/MiniGrid-Unlock-v0,anc_mr/MiniGrid-Unlock-v0,learning_state/MiniGrid-Unlock-v0,pre_attention/MiniGrid-Unlock-v0,proba/MiniGrid-UnlockPickup-v0,perf/MiniGrid-UnlockPickup-v0,lp/MiniGrid-UnlockPickup-v0,attention/MiniGrid-UnlockPickup-v0,max_perf/MiniGrid-UnlockPickup-v0,na_lp/MiniGrid-UnlockPickup-v0,mr/MiniGrid-UnlockPickup-v0,anc_mr/MiniGrid-UnlockPickup-v0,learning_state/MiniGrid-UnlockPickup-v0,pre_attention/MiniGrid-UnlockPickup-v0,proba/MiniGrid-BlockedUnlockPickup-v0,perf/MiniGrid-BlockedUnlockPickup-v0,lp/MiniGrid-BlockedUnlockPickup-v0,attention/MiniGrid-BlockedUnlockPickup-v0,max_perf/MiniGrid-BlockedUnlockPickup-v0,na_lp/MiniGrid-BlockedUnlockPickup-v0,mr/MiniGrid-BlockedUnlockPickup-v0,anc_mr/MiniGrid-BlockedUnlockPickup-v0,learning_state/MiniGrid-BlockedUnlockPickup-v0,pre_attention/MiniGrid-BlockedUnlockPickup-v0
0.9499999767541008,,0.005175781249999994,0.7560664162500935,0.5,1.0,0.010351562499999994,1.0,0.99482421875,0.99482421875,0.050000010680834935,,0.0,0.03979297875047247,0.5,0.0,0.0,0.010351562499999994,0.5,6.151846012880637e-13,1.2565064312303543e-08,,0.0,1.0000024607384053e-08,0.5,0.0,0.0,0.0,0.5,0.0
proba/MiniGrid-Unlock-v0,perf/MiniGrid-Unlock-v0,lp/MiniGrid-Unlock-v0,attention/MiniGrid-Unlock-v0,max_perf/MiniGrid-Unlock-v0,na_lp/MiniGrid-Unlock-v0,mr/MiniGrid-Unlock-v0,anc_mr/MiniGrid-Unlock-v0,learning_state/MiniGrid-Unlock-v0,pre_attention/MiniGrid-Unlock-v0,proba/MiniGrid-UnlockPickup-v0,perf/MiniGrid-UnlockPickup-v0,lp/MiniGrid-UnlockPickup-v0,attention/MiniGrid-UnlockPickup-v0,max_perf/MiniGrid-UnlockPickup-v0,na_lp/MiniGrid-UnlockPickup-v0,mr/MiniGrid-UnlockPickup-v0,anc_mr/MiniGrid-UnlockPickup-v0,learning_state/MiniGrid-UnlockPickup-v0,pre_attention/MiniGrid-UnlockPickup-v0,proba/MiniGrid-BlockedUnlockPickup-v0,perf/MiniGrid-BlockedUnlockPickup-v0,lp/MiniGrid-BlockedUnlockPickup-v0,attention/MiniGrid-BlockedUnlockPickup-v0,max_perf/MiniGrid-BlockedUnlockPickup-v0,na_lp/MiniGrid-BlockedUnlockPickup-v0,mr/MiniGrid-BlockedUnlockPickup-v0,anc_mr/MiniGrid-BlockedUnlockPickup-v0,learning_state/MiniGrid-BlockedUnlockPickup-v0,pre_attention/MiniGrid-BlockedUnlockPickup-v0
0.9499999767948798,0.0,6.606822455069554e-20,0.7573776141666749,0.5,1.0,0.006901041666666663,1.0,0.9965494791666667,0.9965494791666667,0.050000010661837097,0.0,0.0,0.03986198916670815,0.5,0.0,0.0,0.006901041666666663,0.5,5.400797597041986e-14,1.2543283089644084e-08,,0.0,1.0000002160319039e-08,0.5,0.0,0.0,0.0,0.5,0.0
proba/MiniGrid-Unlock-v0,perf/MiniGrid-Unlock-v0,lp/MiniGrid-Unlock-v0,attention/MiniGrid-Unlock-v0,max_perf/MiniGrid-Unlock-v0,na_lp/MiniGrid-Unlock-v0,mr/MiniGrid-Unlock-v0,anc_mr/MiniGrid-Unlock-v0,learning_state/MiniGrid-Unlock-v0,pre_attention/MiniGrid-Unlock-v0,proba/MiniGrid-UnlockPickup-v0,perf/MiniGrid-UnlockPickup-v0,lp/MiniGrid-UnlockPickup-v0,attention/MiniGrid-UnlockPickup-v0,max_perf/MiniGrid-UnlockPickup-v0,na_lp/MiniGrid-UnlockPickup-v0,mr/MiniGrid-UnlockPickup-v0,anc_mr/MiniGrid-UnlockPickup-v0,learning_state/MiniGrid-UnlockPickup-v0,pre_attention/MiniGrid-UnlockPickup-v0,proba/MiniGrid-BlockedUnlockPickup-v0,perf/MiniGrid-BlockedUnlockPickup-v0,lp/MiniGrid-BlockedUnlockPickup-v0,attention/MiniGrid-BlockedUnlockPickup-v0,max_perf/MiniGrid-BlockedUnlockPickup-v0,na_lp/MiniGrid-BlockedUnlockPickup-v0,mr/MiniGrid-BlockedUnlockPickup-v0,anc_mr/MiniGrid-BlockedUnlockPickup-v0,learning_state/MiniGrid-BlockedUnlockPickup-v0,pre_attention/MiniGrid-BlockedUnlockPickup-v0
0.9498805531868437,0.48125000000000007,0.07288466631355933,0.6666124746352021,0.5,1.0,0.24580078125000004,1.0,0.877099609375,0.877099609375,0.05011314727685137,,0.0,0.03516868411075807,0.5,0.0,0.0,0.24580078125000004,0.5,0.00011027309343497953,6.299536304920846e-06,,0.0,4.420923737399181e-06,0.5,0.0,0.0,0.0,0.5,0.0
proba/MiniGrid-Unlock-v0,perf/MiniGrid-Unlock-v0,lp/MiniGrid-Unlock-v0,attention/MiniGrid-Unlock-v0,max_perf/MiniGrid-Unlock-v0,na_lp/MiniGrid-Unlock-v0,mr/MiniGrid-Unlock-v0,anc_mr/MiniGrid-Unlock-v0,learning_state/MiniGrid-Unlock-v0,pre_attention/MiniGrid-Unlock-v0,proba/MiniGrid-UnlockPickup-v0,perf/MiniGrid-UnlockPickup-v0,lp/MiniGrid-UnlockPickup-v0,attention/MiniGrid-UnlockPickup-v0,max_perf/MiniGrid-UnlockPickup-v0,na_lp/MiniGrid-UnlockPickup-v0,mr/MiniGrid-UnlockPickup-v0,anc_mr/MiniGrid-UnlockPickup-v0,learning_state/MiniGrid-UnlockPickup-v0,pre_attention/MiniGrid-UnlockPickup-v0,proba/MiniGrid-BlockedUnlockPickup-v0,perf/MiniGrid-BlockedUnlockPickup-v0,lp/MiniGrid-BlockedUnlockPickup-v0,attention/MiniGrid-BlockedUnlockPickup-v0,max_perf/MiniGrid-BlockedUnlockPickup-v0,na_lp/MiniGrid-BlockedUnlockPickup-v0,mr/MiniGrid-BlockedUnlockPickup-v0,anc_mr/MiniGrid-BlockedUnlockPickup-v0,learning_state/MiniGrid-BlockedUnlockPickup-v0,pre_attention/MiniGrid-BlockedUnlockPickup-v0
0.9499695189708725,0.0,0.032564991918103456,0.6852809664293305,0.5,1.0,0.19664062500000004,1.0,0.9016796874999999,0.9016796874999999,0.050028864251722274,0.0,0.0,0.03608939840609056,0.5,0.0,0.0,0.19664062500000004,0.5,2.8907429805419275e-05,1.6167774050988505e-06,,0.0,1.1662971922167711e-06,0.5,0.0,0.0,0.0,0.5,0.0
proba/MiniGrid-Unlock-v0,perf/MiniGrid-Unlock-v0,lp/MiniGrid-Unlock-v0,attention/MiniGrid-Unlock-v0,max_perf/MiniGrid-Unlock-v0,na_lp/MiniGrid-Unlock-v0,mr/MiniGrid-Unlock-v0,anc_mr/MiniGrid-Unlock-v0,learning_state/MiniGrid-Unlock-v0,pre_attention/MiniGrid-Unlock-v0,proba/MiniGrid-UnlockPickup-v0,perf/MiniGrid-UnlockPickup-v0,lp/MiniGrid-UnlockPickup-v0,attention/MiniGrid-UnlockPickup-v0,max_perf/MiniGrid-UnlockPickup-v0,na_lp/MiniGrid-UnlockPickup-v0,mr/MiniGrid-UnlockPickup-v0,anc_mr/MiniGrid-UnlockPickup-v0,learning_state/MiniGrid-UnlockPickup-v0,pre_attention/MiniGrid-UnlockPickup-v0,proba/MiniGrid-BlockedUnlockPickup-v0,perf/MiniGrid-BlockedUnlockPickup-v0,lp/MiniGrid-BlockedUnlockPickup-v0,attention/MiniGrid-BlockedUnlockPickup-v0,max_perf/MiniGrid-BlockedUnlockPickup-v0,na_lp/MiniGrid-BlockedUnlockPickup-v0,mr/MiniGrid-BlockedUnlockPickup-v0,anc_mr/MiniGrid-BlockedUnlockPickup-v0,learning_state/MiniGrid-BlockedUnlockPickup-v0,pre_attention/MiniGrid-BlockedUnlockPickup-v0
0.9467075791936055,0.76875,0.08137637867647059,0.6007733440311485,0.5,1.0,0.42011718750000004,1.0,0.78994140625,0.78994140625,0.053119121276992115,,0.0,0.03370898556527605,0.5,0.0,0.0,0.42011718750000004,0.5,0.002749113691765688,0.00017329952940251214,,0.0,0.00010997454767062753,0.5,0.0,0.0,0.0,0.5,0.0
proba/MiniGrid-Unlock-v0,perf/MiniGrid-Unlock-v0,lp/MiniGrid-Unlock-v0,attention/MiniGrid-Unlock-v0,max_perf/MiniGrid-Unlock-v0,na_lp/MiniGrid-Unlock-v0,mr/MiniGrid-Unlock-v0,anc_mr/MiniGrid-Unlock-v0,learning_state/MiniGrid-Unlock-v0,pre_attention/MiniGrid-Unlock-v0,proba/MiniGrid-UnlockPickup-v0,perf/MiniGrid-UnlockPickup-v0,lp/MiniGrid-UnlockPickup-v0,attention/MiniGrid-UnlockPickup-v0,max_perf/MiniGrid-UnlockPickup-v0,na_lp/MiniGrid-UnlockPickup-v0,mr/MiniGrid-UnlockPickup-v0,anc_mr/MiniGrid-UnlockPickup-v0,learning_state/MiniGrid-UnlockPickup-v0,pre_attention/MiniGrid-UnlockPickup-v0,proba/MiniGrid-BlockedUnlockPickup-v0,perf/MiniGrid-BlockedUnlockPickup-v0,lp/MiniGrid-BlockedUnlockPickup-v0,attention/MiniGrid-BlockedUnlockPickup-v0,max_perf/MiniGrid-BlockedUnlockPickup-v0,na_lp/MiniGrid-BlockedUnlockPickup-v0,mr/MiniGrid-BlockedUnlockPickup-v0,anc_mr/MiniGrid-BlockedUnlockPickup-v0,learning_state/MiniGrid-BlockedUnlockPickup-v0,pre_attention/MiniGrid-BlockedUnlockPickup-v0
0.948738853282037,0.0,0.04289273016467065,0.6233275529646215,0.5,1.0,0.3601004464285715,1.0,0.8199497767857142,0.8199497767857142,0.05119475683636279,0.0,0.0,0.03363528582500505,0.5,0.0,0.0,0.3601004464285715,0.5,0.0010902145228860421,6.638988160026784e-05,,0.0,4.3618580915441694e-05,0.5,0.0,0.0,0.0,0.5,0.0
proba/MiniGrid-Unlock-v0,perf/MiniGrid-Unlock-v0,lp/MiniGrid-Unlock-v0,attention/MiniGrid-Unlock-v0,max_perf/MiniGrid-Unlock-v0,na_lp/MiniGrid-Unlock-v0,mr/MiniGrid-Unlock-v0,anc_mr/MiniGrid-Unlock-v0,learning_state/MiniGrid-Unlock-v0,pre_attention/MiniGrid-Unlock-v0,proba/MiniGrid-UnlockPickup-v0,perf/MiniGrid-UnlockPickup-v0,lp/MiniGrid-UnlockPickup-v0,attention/MiniGrid-UnlockPickup-v0,max_perf/MiniGrid-UnlockPickup-v0,na_lp/MiniGrid-UnlockPickup-v0,mr/MiniGrid-UnlockPickup-v0,anc_mr/MiniGrid-UnlockPickup-v0,learning_state/MiniGrid-UnlockPickup-v0,pre_attention/MiniGrid-UnlockPickup-v0,proba/MiniGrid-BlockedUnlockPickup-v0,perf/MiniGrid-BlockedUnlockPickup-v0,lp/MiniGrid-BlockedUnlockPickup-v0,attention/MiniGrid-BlockedUnlockPickup-v0,max_perf/MiniGrid-BlockedUnlockPickup-v0,na_lp/MiniGrid-BlockedUnlockPickup-v0,mr/MiniGrid-BlockedUnlockPickup-v0,anc_mr/MiniGrid-BlockedUnlockPickup-v0,learning_state/MiniGrid-BlockedUnlockPickup-v0,pre_attention/MiniGrid-BlockedUnlockPickup-v0
0.9494486141127819,0.0,0.02079231394508671,0.64034098260497,0.5,1.0,0.31508789062500003,1.0,0.8424560546875,0.8424560546875,0.0505223521938341,,0.0,0.034074021665243225,0.5,0.0,0.0,0.31508789062500003,0.5,0.000489283174144821,2.9033693383998884e-05,,0.0,1.9581326965792844e-05,0.5,0.0,0.0,0.0,0.5,0.0
0.9497334445473047,0.0,0.00774663880813953,0.6536070075178237,0.5,1.0,0.280078125,1.0,0.8599609375,0.8599609375,0.0502525131025197,,0.0,0.03458380337953041,0.5,0.0,0.0,0.280078125,0.5,0.00024134880147188477,1.404235017563739e-05,,0.0,9.663952058875391e-06,0.5,0.0,0.0,0.0,0.5,0.0
0.9497812773184731,0.09577205882352942,0.004065674909076543,0.6569648692285873,0.5,1.0,0.2712247242647059,1.0,0.864387637867647,0.864387637867647,0.05020719791200326,,0.0,0.0347283801000143,0.5,0.0,0.0,0.2712247242647059,0.5,0.0001990424287870047,1.1524769523550384e-05,,0.0,7.971697151480188e-06,0.5,0.0,0.0,0.0,0.5,0.0
0.9494532031422245,0.21718749999999998,-0.0018891398889101217,0.6405021350271267,0.5,1.0,0.31466222426470586,1.0,0.842668887867647,0.842668887867647,0.05051800469555971,,0.0,0.03407949939789657,0.5,0.0,0.0,0.31466222426470586,0.5,0.0004853305770712017,2.879216221593868e-05,,0.0,1.9423223082848073e-05,0.5,0.0,0.0,0.0,0.5,0.0
0.9494537516736052,0.010096153846153845,-0.0217270413410119,0.6405214742595545,0.5,1.0,0.3146111425339367,1.0,0.8426944287330317,0.8426944287330317,0.0505174850346478,,0.0,0.03408015812591278,0.5,0.0,0.0,0.3146111425339367,0.5,0.0004848580424368581,2.876329174700378e-05,,0.0,1.9404321697474326e-05,0.5,0.0,0.0,0.0,0.5,0.0
0.9490587060085429,0.14453125,-0.032910860585492925,0.6295882845999414,0.5,1.0,0.34351739253393665,1.0,0.8282413037330316,0.8282413037330316,0.0508917385959161,,0.0,0.033760653793131146,0.5,0.0,0.0,0.34351739253393665,0.5,0.0008216037028774419,4.955539554086976e-05,,0.0,3.287414811509768e-05,0.5,0.0,0.0,0.0,0.5,0.0
0.9498761107688859,0.0,-0.021646763163307308,0.6660557714318076,0.5,1.0,0.24726739253393665,1.0,0.8763663037330317,0.8763663037330317,0.050117355872647644,,0.0,0.0351424293646655,0.5,0.0,0.0,0.24726739253393665,0.5,0.00011428022831279843,6.533358466446179e-06,,0.0,4.581209132511937e-06,0.5,0.0,0.0,0.0,0.5,0.0
0.9496734638886573,0.2109375,-0.025126983922939796,0.6500518499557733,0.5,1.0,0.28945489253393664,1.0,0.8552725537330317,0.8552725537330317,0.05030933681349804,,0.0,0.0344367603278602,0.5,0.0,0.0,0.28945489253393664,0.5,0.0002940731491392315,1.7199297844606616e-05,,0.0,1.177292596556926e-05,0.5,0.0,0.0,0.0,0.5,0.0
0.9499967926053073,0.0,0.008580295317427673,0.7084326255014651,0.5,1.0,0.13570489253393664,1.0,0.9321475537330317,0.9321475537330317,0.05000302648030082,,0.0,0.037288310453460885,0.5,0.0,0.0,0.13570489253393664,0.5,3.1227918484539784e-06,1.8091439173279458e-07,,0.0,1.3491167393815915e-07,0.5,0.0,0.0,0.0,0.5,0.0
0.9499857120137818,0.18973214285714285,0.010704782350002941,0.6940145919052378,0.5,1.0,0.1736513211053652,1.0,0.9131743394473174,0.9131743394473174,0.05001352363148133,,0.0,0.03653751288455371,0.5,0.0,0.0,0.1736513211053652,0.5,1.3710034714868937e-05,7.643547368037286e-07,,0.0,5.584013885947575e-07,0.5,0.0,0.0,0.0,0.5,0.0
0.9499440416709571,0.2177083333333333,0.012055459858768693,0.6774746525429877,0.5,1.0,0.21719298777203191,1.0,0.891403506113984,0.891403506113984,0.05005300049727552,,0.0,0.03569645961564059,0.5,0.0,0.0,0.21719298777203191,0.5,5.248616026200852e-05,2.957831767341048e-06,,0.0,2.1094464104803406e-06,0.5,0.0,0.0,0.0,0.5,0.0
0.9499198519125758,0.065625,0.002471793933190987,0.6724905190259006,0.5,1.0,0.2303179877720319,1.0,0.884841006113984,0.884841006113984,0.050075917017000184,,0.0,0.03545096921351598,0.5,0.0,0.0,0.2303179877720319,0.5,7.463407416225863e-05,4.231070424121971e-06,,0.0,2.995362966490345e-06,0.5,0.0,0.0,0.0,0.5,0.0
0.9498206171128006,0.25729166666666664,0.008932022838272819,0.6602286188733343,0.5,1.0,0.2626219093406593,1.0,0.8686890453296703,0.8686890453296703,0.05016992869713709,,0.0,0.034873556265151824,0.5,0.0,0.0,0.2626219093406593,0.5,0.00016404225516276617,9.454190062335986e-06,,0.0,6.571690206510647e-06,0.5,0.0,0.0,0.0,0.5,0.0
0.9499408273814435,0.0,0.00749471015096016,0.6767183614225064,0.5,1.0,0.21918440934065933,1.0,0.8904077953296703,0.8904077953296703,0.050056045599554934,0.0,0.0,0.035658900197811184,0.5,0.0,0.0,0.21918440934065933,0.5,5.5440604979638405e-05,3.1270190015548405e-06,,0.0,2.227624199185536e-06,0.5,0.0,0.0,0.0,0.5,0.0
0.9499132182939692,0.08080357142857143,-0.0007086489898989976,0.6713484335584885,0.5,1.0,0.23332589285714284,1.0,0.8833370535714286,0.8833370535714286,0.05008220147618439,,0.0,0.03539545177672413,0.5,0.0,0.0,0.23332589285714284,0.5,8.067660659763871e-05,4.580229846448323e-06,,0.0,3.2370642639055485e-06,0.5,0.0,0.0,0.0,0.5,0.0
0.9499613701540081,0.0,-0.005214195526695549,0.6823260913245319,0.5,1.0,0.20441964285714284,1.0,0.8977901785714286,0.8977901785714286,0.050036584129409034,,0.0,0.03593963706831129,0.5,0.0,0.0,0.20441964285714284,0.5,3.648427793508349e-05,2.0457165828784083e-06,,0.0,1.4693711174033395e-06,0.5,0.0,0.0,0.0,0.5,0.0
0.94988834759467,0.19346590909090908,-0.007050578840351532,0.6676328279913941,0.5,1.0,0.24311282467532463,1.0,0.8784435876623377,0.8784435876623377,0.050105763120567685,,0.0,0.035217036208055504,0.5,0.0,0.0,0.24311282467532463,0.5,0.00010323268432551671,5.889284762365999e-06,,0.0,4.139307373020668e-06,0.5,0.0,0.0,0.0,0.5,0.0
0.9497973633785458,0.33476562499999996,0.010537753755083307,0.6582342819134335,0.5,1.0,0.26787844967532465,1.0,0.8660607751623377,0.8660607751623377,0.05019195851161671,0.0,0.0,0.03478433299835915,0.5,0.0,0.0,0.26787844967532465,0.5,0.00018475519774171532,1.0678109837464643e-05,,0.0,7.400207909668614e-06,0.5,0.0,0.0,0.0,0.5,0.0
0.9495778831388559,0.169375,0.0035413325626394024,0.645391074698842,0.5,1.0,0.30175344967532464,1.0,0.8491232751623377,0.8491232751623377,0.05039988690362751,0.0,0.0,0.034254838650950095,0.5,0.0,0.0,0.30175344967532464,0.5,0.0003774708912195137,2.2229957516466503e-05,,0.0,1.510883564878055e-05,0.5,0.0,0.0,0.0,0.5,0.0
0.9496466543025495,0.146875,0.005913417863701917,0.6486391075682211,0.5,1.0,0.29318202110389613,1.0,0.8534089894480519,0.8534089894480519,0.050334735340410504,,0.0,0.03438023781052015,0.5,0.0,0.0,0.29318202110389613,0.5,0.00031753676119540867,1.8610357040127904e-05,,0.0,1.2711470447816348e-05,0.5,0.0,0.0,0.0,0.5,0.0
0.9497422970357903,0.14453125,0.010542222140233514,0.6541877980620324,0.5,1.0,0.27854660443722945,1.0,0.8607266977813852,0.8607266977813852,0.05024412654600299,0.0,0.0,0.03460843495468873,0.5,0.0,0.0,0.27854660443722945,0.5,0.0002335378169704684,1.357641820689912e-05,,0.0,9.351512678818736e-06,0.5,0.0,0.0,0.0,0.5,0.0
0.9496570873457529,0.13169642857142858,0.005219051308539918,0.6491777504947256,0.5,1.0,0.29176089015151513,1.0,0.8541195549242424,0.8541195549242424,0.05032485141556386,,0.0,0.034401653261228786,0.5,0.0,0.0,0.29176089015151513,0.5,0.0003084128440873451,1.8061238683208752e-05,,0.0,1.2346513763493804e-05,0.5,0.0,0.0,0.0,0.5,0.0
0.9498372526215739,0.09097222222222222,0.009651472107438015,0.6617938244864044,0.5,1.0,0.25849700126262626,1.0,0.8707514993686869,0.8707514993686869,0.05015416877194202,,0.0,0.03494463822503292,0.5,0.0,0.0,0.25849700126262626,0.5,0.0001491774092258358,8.578606484010385e-06,,0.0,5.977096369033432e-06,0.5,0.0,0.0,0.0,0.5,0.0
0.9492733514957853,0.3548295454545455,0.01333932602540557,0.634901301046578,0.5,1.0,0.3294629103535354,1.0,0.8352685448232323,0.8352685448232323,0.050688390350392666,0.0,0.0,0.03390185232811099,0.5,0.0,0.0,0.3294629103535354,0.5,0.0006394538218511615,3.825815382216488e-05,,0.0,2.558815287404646e-05,0.5,0.0,0.0,0.0,0.5,0.0
0.9478045076571708,0.401875,0.020679236220429397,0.6106855899542049,0.5,1.0,0.3936771960678211,1.0,0.8031614019660894,0.8031614019660894,0.052079926105114485,,0.0,0.03355592861326334,0.5,0.0,0.0,0.3936771960678211,0.5,0.0018612793419528187,0.00011556623771464972,,0.0,7.446117367811275e-05,0.5,0.0,0.0,0.0,0.5,0.0
0.9421960023128217,0.4432692307692308,0.020998333894640727,0.5776711543186124,0.5,1.0,0.4823310422216672,1.0,0.7588344788891663,0.7588344788891663,0.05739324624465521,,0.0,0.03518845625205128,0.5,0.0,0.0,0.4823310422216672,0.5,0.006295660281881021,0.0004107514425230744,,0.0,0.0002518364112752408,0.5,0.0,0.0,0.0,0.5,0.0
0.9315729463825717,0.5488839285714285,0.03460300016692057,0.5518857649304963,0.5,1.0,0.5534146461177711,1.0,0.7232926769411144,0.7232926769411144,0.06745719345394122,,0.0,0.0399632309567994,0.5,0.0,0.0,0.5534146461177711,0.5,0.014363950363482838,0.0009698601634868793,,0.0,0.0005745680145393136,0.5,0.0,0.0,0.0,0.5,0.0
0.9231774386516576,0.5069711538461538,0.05103339894533082,0.5397512732372409,0.5,1.0,0.5878557518870019,1.0,0.7060721240564991,0.7060721240564991,0.07541083215477565,,0.0,0.044090215994520766,0.5,0.0,0.0,0.5878557518870019,0.5,0.020634532594089584,0.0014117291935667141,,0.0,0.0008253913037635835,0.5,0.0,0.0,0.0,0.5,0.0
0.9060964265370849,0.4142045454545454,0.049290419492124045,0.5230767585663327,0.5,1.0,0.6368216609779109,1.0,0.6815891695110445,0.6815891695110445,0.0915928434343512,0.0,0.0,0.05287526387739613,0.5,0.0,0.0,0.6368216609779109,0.5,0.033348550907492634,0.002310730028563779,,0.0,0.0013339520362997054,0.5,0.0,0.0,0.0,0.5,0.0
0.8666423818904316,0.5060096153846153,0.048087358453835605,0.5003385125175329,0.5,1.0,0.708648584054834,1.0,0.645675707972583,0.645675707972583,0.12897035941657942,,0.0,0.07445843768750883,0.5,0.0,0.0,0.708648584054834,0.5,0.06332213459453843,0.004387258692988958,,0.0,0.0025328953837815377,0.5,0.0,0.0,0.0,0.5,0.0
0.7776021366844228,0.6375,0.049547103359603294,0.4742778211904067,0.5,1.0,0.807242334054834,1.0,0.596378832972583,0.596378832972583,0.21332427676303106,0.0,0.0,0.13011149071887118,0.5,0.0,0.0,0.807242334054834,0.5,0.13835459296870817,0.009073586552546253,,0.0,0.005534193718748327,0.5,0.0,0.0,0.0,0.5,0.0
0.6520911640883654,0.6218750000000001,0.043323541988314715,0.45782605307651864,0.5,1.0,0.9052780483405483,1.0,0.5473609758297259,0.5473609758297259,0.3322294106388635,0.0,0.0,0.23325462475997788,0.5,0.0,0.0,0.9052780483405483,0.5,0.2752085621442563,0.01567942527277103,,0.0,0.011008352485770255,0.5,0.0,0.0,0.0,0.5,0.0
0.5074539449302873,0.6109375,0.027846884176429616,0.44829498354112557,0.5046355519480519,1.0,1.0,1.0,0.5,0.4869791666666667,0.4692541470895431,0.13020833333333334,0.001527904869558977,0.4145485166639328,0.5,0.05486807284716753,0.026041666666666668,1.0,0.5144132030902504,0.5144132030902504,0.023291907980169578,,0.0,0.02057653824337887,0.5,0.0,0.0,0.026041666666666668,0.5,1.5594902293774494e-10
0.48946007340431535,0.42499999999999993,0.013516059697877893,0.4558959700688761,0.5116525974025974,1.0,1.0,1.0,0.5,0.4869791666666667,0.4863009732789102,0.0,0.0020933815648445887,0.4529535012251986,0.5,0.1548810534754639,0.026041666666666668,1.0,0.5644196934043987,0.5644196934043987,0.02423895331677454,,0.0,0.0225767978559448,0.5,0.0,0.0,0.026041666666666668,0.5,1.5594902293774494e-10
0.4997715848924843,0.75,0.0191983206187752,0.45144216717317354,0.5464650974025973,1.0,1.0,1.0,0.5,0.4869791666666667,0.47653217261615316,0.0,0.0018483832807570963,0.4304500760679644,0.5,0.09627838379516646,0.026041666666666668,1.0,0.5351183585642499,0.5351183585642499,0.023696242491362474,,0.0,0.021404744462338855,0.5,0.0,0.0,0.026041666666666668,0.5,1.5594902293774494e-10
0.5060118875628719,0.741875,0.02297731813640908,0.4488751388030748,0.5763256743256744,1.0,1.0,1.0,0.5,0.4869791666666667,0.470620306743509,0.0,0.0014361213235294108,0.41747982746114937,0.5,0.06250169471491895,0.026041666666666668,1.0,0.5182300140241262,0.5182300140241262,0.023367805693619213,,0.0,0.0207292106807339,0.5,0.0,0.0,0.026041666666666668,0.5,1.5594902293774494e-10
0.5128506972553364,0.8455357142857143,0.035832052417279756,0.44616569470598905,0.6059908528971027,1.0,1.0,1.0,0.5,0.4869791666666667,0.4641414342006361,0.0,0.0009621305418719202,0.4037900046548218,0.5,0.02685111449010773,0.026041666666666668,1.0,0.5004047239117205,0.5004047239117205,0.02300786854402752,,0.0,0.020016199076237674,0.5,0.0,0.0,0.026041666666666668,0.5,1.5594902293774494e-10
0.5176276105938484,0.6224999999999999,0.03013123808010173,0.4443343308364298,0.6175437375124874,1.0,1.0,1.0,0.5,0.4869791666666667,0.45961593721207816,0.0,8.298810282558412e-05,0.39453679773494355,0.5,0.002754221469591333,0.026041666666666668,1.0,0.48835627740146237,0.48835627740146237,0.02275645219407337,,0.0,0.01953426121582735,0.5,0.0,0.0,0.026041666666666668,0.5,1.5594902293774494e-10
0.5036739959121573,0.7958333333333334,0.026300178987678984,0.44982599282912056,0.6557066163003663,1.0,1.0,1.0,0.5,0.4869791666666667,0.4728351515345135,0.0,-0.0019728535353535485,0.4222841425401179,0.5,0.07501293189973285,0.026041666666666668,1.0,0.5244856326165331,0.5244856326165331,0.023490852553329257,,0.0,0.02097943542443018,0.5,0.0,0.0,0.026041666666666668,0.5,1.5594902293774494e-10
0.491224231925888,0.8567708333333334,0.0272875180375181,0.4551144205096258,0.690782738095238,1.0,1.0,1.0,0.5,0.4869791666666667,0.4846296651535669,0.0,-0.003945707070707086,0.449004619241618,0.5,0.14459750664322282,0.026041666666666668,1.0,0.5592779199882781,0.5592779199882781,0.02414610292054515,0.0,0.0,0.022371126919299978,0.5,0.0,0.0,0.026041666666666668,0.5,1.5594902293774494e-10
0.4816528555738192,0.757638888888889,0.027382034632034643,0.4594570785659308,0.7027966269841269,1.0,1.0,1.0,0.5,0.4869791666666667,0.4936972851391398,0.0,-0.005523989898989899,0.4709464704734749,0.5,0.20173774422618335,0.026041666666666668,1.0,0.5878480387797583,0.5878480387797583,0.02464985928704105,,0.0,0.02351393167095919,0.5,0.0,0.0,0.026041666666666668,0.5,1.5594902293774494e-10
0.40675796915965695,0.4171875,0.006408579846079843,0.4703758070776671,0.7027966269841269,0.9023280423280439,0.9708752870829268,1.0,0.46572637762255853,0.45359808653863776,0.5646503371037579,0.0,-0.007102272727272711,0.6529628874403364,0.5,1.0,0.026041666666666668,0.9708752870829268,0.9869791666666667,0.8265871796286941,0.028591693736585058,,0.0,0.03306349730491662,0.5,0.0,0.0,0.026041666666666668,0.5,1.5594902293774494e-10
0.5711664040019455,0.55,-0.0055686628186628374,0.4546762667527591,0.7027966269841269,1.0,0.9622045710236456,1.0,0.5188977144881772,0.5188977144881772,0.40889497434346816,0.0,0.0,0.3255003080114986,0.5,0.0,0.0,0.9622045710236456,0.5,0.39680259040621296,0.019938621654586222,,0.0,0.01587211361624852,0.5,0.0,0.0,0.0,0.5,0.0
0.5181818118801655,0.7120535714285714,-0.02036381673881681,0.45600000999999996,0.704939484126984,1.0,1.0,1.0,0.5,0.5,0.4590909048037192,0.0,0.0,0.40400001,0.5,0.0,0.0,1.0,0.5,0.5,0.02272728331611535,0.0,0.0,0.020000010000000006,0.5,0.0,0.0,0.0,0.5,0.0
0.5181818118801655,0.7541666666666668,-0.014674663299663339,0.45600000999999996,0.7053561507936508,1.0,1.0,1.0,0.5,0.5,0.4590909048037192,0.0,0.0,0.40400001,0.5,0.0,0.0,1.0,0.5,0.5,0.02272728331611535,,0.0,0.020000010000000006,0.5,0.0,0.0,0.0,0.5,0.0
0.5181818118801655,0.7869791666666667,-0.007787908850408862,0.45600000999999996,0.7098665674603175,1.0,1.0,1.0,0.5,0.5,0.4590909048037192,0.0,0.0,0.40400001,0.5,0.0,0.0,1.0,0.5,0.5,0.02272728331611535,,0.0,0.020000010000000006,0.5,0.0,0.0,0.0,0.5,0.0
0.5867773571250958,0.4994791666666667,-0.01021897546897537,0.4548344903032327,0.7098665674603175,1.0,0.9512504795292543,1.0,0.5243747602353728,0.5243747602353728,0.39410565002620346,0.0,0.0,0.30548697947981196,0.5,0.0,0.0,0.9512504795292543,0.5,0.37045830608124614,0.01911699284870066,,0.0,0.014818342243249847,0.5,0.0,0.0,0.0,0.5,0.0
0.5219372551684504,0.6070312499999999,-0.01745798761423765,0.4654697377992493,0.7098665674603175,1.0,0.9490713728197578,1.0,0.5254643135901211,0.5119992905543743,0.45553311644658717,0.12812500000000002,0.0069886363636363835,0.40624975161590043,0.5,0.40031168070808376,0.025625000000000002,0.9490713728197578,0.6873433403540419,0.5023043879843505,0.02252962838496254,0.0,0.0,0.02009218562809528,0.5,0.0,0.0,0.025625000000000002,0.5,1.415641379654408e-10
0.5340530608097215,0.6538194444444444,-0.010401860870610957,0.4696904670173175,0.7098665674603175,1.0,0.9290656569009237,1.0,0.5354671715495382,0.5217458252785813,0.44405498464294446,0.0,0.0054356060606060635,0.39053870939731106,0.5,0.5225609271475289,0.025625000000000002,0.9290656569009237,0.7484679635737644,0.48133966974534315,0.02189195454733395,,0.0,0.019253596898534987,0.5,0.0,0.0,0.025625000000000002,0.5,1.415641379654408e-10
0.514694270270223,0.6796875,0.0038491311928811446,0.48453334607103843,0.7098665674603175,0.9913859852884092,0.9041196541659474,1.0,0.5436331655612309,0.5297025656937243,0.4623948921525106,0.0,0.0038825757575757683,0.4352986952490946,0.5,1.0,0.025625000000000002,0.9041196541659474,0.9871875,0.5392064877598977,0.02291083757726631,,0.0,0.021568269619117165,0.5,0.0,0.0,0.025625000000000002,0.5,1.415641379654408e-10
0.640163799244065,0.6667613636363637,0.012932729623070544,0.45449854686418606,0.7098665674603175,1.0,0.8913175967909034,1.0,0.5543412016045484,0.5401362083134318,0.3435290194375165,0.0,0.002329545454545437,0.2438960783543205,0.5,0.18012790203158568,0.025625000000000002,0.8913175967909034,0.5772514510157929,0.2894409114583841,0.01630718131841842,,0.0,0.011577646567056623,0.5,0.0,0.0,0.025625000000000002,0.5,1.415641379654408e-10
0.5723034319090998,0.8375,0.00973413108356296,0.4476688345032016,0.7098665674603175,1.0,0.9505276679883327,1.0,0.5247361660058336,0.5112898017519342,0.40781778967929405,0.0,0.0007765151515151502,0.319004402937774,0.5,0.07977241572453987,0.025625000000000002,0.9505276679883327,0.5270737078622699,0.3887406261015005,0.019878778411606096,,0.0,0.01554963515278128,0.5,0.0,0.0,0.025625000000000002,0.5,1.415641379654408e-10
0.3591358366059821,0.6578124999999999,0.0004938658773885854,0.3698956624056617,0.7098665674603175,0.6360028860028667,0.9657153814181564,1.0,0.33514375229235516,0.32655569363986353,0.6097660406681877,0.0,-0.0007765151515151448,0.6280348284287037,0.5,1.0,0.025625000000000002,0.9657153814181564,0.9871875,0.8007455607569857,0.03109812272583019,0.0,0.0,0.032029832539000685,0.5,0.0,0.0,0.025625000000000002,0.5,1.415641379654408e-10
0.46742568209334917,0.59375,-0.0027439642638506048,0.4903824889017432,0.7098665674603175,1.0,0.9490497745489916,1.0,0.5254751127255042,0.5120098129619132,0.5071756608945929,0.0,-0.0023295454545454635,0.5320847194061693,0.5,0.8489707702229374,0.025625000000000002,0.9490497745489916,0.9116728851114687,0.6661514542525371,0.02539865701205792,0.0,0.0,0.02664606827882274,0.5,0.0,0.0,0.025625000000000002,0.5,1.415641379654408e-10
0.4898284681247108,0.72890625,0.005631887052341461,0.48077903366987124,0.7098665674603175,1.0,0.9454913006294433,1.0,0.5272543496852784,0.5137434569745931,0.4859519682657172,0.0,-0.003882575757575709,0.47697415098642165,0.5,0.6893916233567797,0.025625000000000002,0.9454913006294433,0.8318833116783899,0.5943026076636637,0.02421956360957196,,0.0,0.023772114415267807,0.5,0.0,0.0,0.025625000000000002,0.5,1.415641379654408e-10
0.5500237533437335,0.6825,0.013970175237220722,0.4632728380961487,0.7098665674603175,1.0,0.9307731590158073,1.0,0.5346134204920964,0.5209139515919864,0.428924854415403,0.0,-0.005435606060606036,0.3612739148573083,0.5,0.3890864622888879,0.025625000000000002,0.9307731590158073,0.6817307311444439,0.4432777952758914,0.021051392240863432,,0.0,0.017731121919756915,0.5,0.0,0.0,0.025625000000000002,0.5,1.415641379654408e-10
0.4437221728503984,0.7515624999999999,0.008175256351392712,0.49591089816388373,0.7098665674603175,1.0,0.9662845276150089,1.0,0.5168577361924955,0.5036132567025629,0.5296316175528187,0.0,-0.006988636363636354,0.5919246484109366,0.5,0.8548522594579913,0.025625000000000002,0.9662845276150089,0.9146136297289956,0.7445053491160024,0.02664620959678277,,0.0,0.029780224073361353,0.5,0.0,0.0,0.025625000000000002,0.5,1.415641379654408e-10
0.5759169690663537,0.5543750000000001,-0.004260761019283736,0.454700124815213,0.7098665674603175,1.0,0.9588667603311677,1.0,0.5205666198344161,0.5205666198344161,0.404394438925583,0.0,0.0,0.31927901369555806,0.5,0.0,0.0,0.9588667603311677,0.5,0.38861502461221537,0.0196885920080634,,0.0,0.015544610984488616,0.5,0.0,0.0,0.0,0.5,0.0
0.5540407630130679,0.76328125,-0.0015444214876032948,0.4547741914323591,0.7098665674603175,1.0,0.9742868139825427,1.0,0.5128565930087287,0.5128565930087287,0.4251192661489651,0.0,0.0,0.3489513469619083,0.5,0.0,0.0,0.9742868139825427,0.5,0.42765243911661355,0.020839970837966935,0.0,0.0,0.017106107564664543,0.5,0.0,0.0,0.0,0.5,0.0
0.5315923013257428,0.7933593750000001,0.0032102703168044307,0.45536869249130435,0.7098665674603175,1.0,0.990299946620509,1.0,0.5048500266897455,0.5048500266897455,0.4463862303120766,0.0,0.0,0.38238009379818877,0.5,0.0,0.0,0.990299946620509,0.5,0.4715964618888008,0.02202146836218067,,0.0,0.018863868475552034,0.5,0.0,0.0,0.0,0.5,0.0
0.3357510396670925,0.77875,0.004928503787878789,0.4100749806240683,0.7141796875,0.7023616734143064,1.0,1.0,0.3511808367071532,0.34214524642937544,0.6319200602077175,0.12864583333333332,0.007017045454545442,0.7718058198794551,0.5,1.0,0.025729166666666664,1.0,0.9871354166666666,0.9871354166666666,0.03232890012519011,,0.0,0.03948542677806676,0.5,0.0,0.0,0.025729166666666664,0.5,1.450522018515591e-10
0.4782837895921397,0.9223214285714285,0.024503043831168726,0.4611954213444583,0.7226618303571428,1.0,1.0,1.0,0.5,0.48713541666666665,0.49688903196965556,0.0,0.0054577020202019886,0.4791359260912979,0.5,0.22273567552695642,0.025729166666666664,1.0,0.5985032544301448,0.5985032544301448,0.02482717843820474,,0.0,0.02394014028860589,0.5,0.0,0.0,0.025729166666666664,0.5,1.450522018515591e-10
0.4787763610333443,0.9,0.029852746212121226,0.45645938864734387,0.7468805803571429,1.0,1.0,1.0,0.5,0.48237847222222224,0.4964223846173206,0.04756944444444444,0.00649305555555555,0.4732828866158191,0.5,0.2175027888361959,0.035243055555555555,1.0,0.5911298666403202,0.5911298666403202,0.024801254349335056,,0.0,0.02364520540143444,0.5,0.0,0.0,0.035243055555555555,0.5,9.581010834420117e-10
0.45910935988750023,0.8302083333333332,0.024189191017316047,0.45938145912937395,0.7705264136904763,1.0,1.0,1.0,0.5,0.47519097222222223,0.5150542762281326,0.07187500000000001,0.008277567340067344,0.5153595322092344,0.5,0.34220108205114314,0.049618055555555554,1.0,0.6462915132477938,0.6462915132477938,0.025836363884367344,,0.0,0.02585167626011031,0.5,0.0,0.0,0.049618055555555554,0.5,7.461196030890188e-09
0.45577364442191265,0.7197916666666666,0.018647163600288556,0.4586673792180305,0.7705264136904763,1.0,0.9988170965756152,1.0,0.5005914517121923,0.4726243806772994,0.5182144222493719,0.03125,0.006974957912457887,0.5215045973699959,0.5,0.3740492689381431,0.05586805555555555,0.9988170965756152,0.6590906066912938,0.6544265752703183,0.02601193332871551,0.0,0.0,0.026177084687309476,0.5,0.0,0.0,0.05586805555555555,0.5,1.5203771796811482e-08
0.38860968426398695,0.8232638888888889,0.015765805375180353,0.48278652497273455,0.7836913442460316,1.0,1.0,1.0,0.5,0.4517088293650794,0.5818432138887226,0.20357142857142857,0.014692911255411239,0.7228488498538838,0.5,0.9319480296605627,0.09658234126984126,1.0,0.9176828441953607,0.9176828441953607,0.02954710184729047,,0.0,0.0367076354540318,0.5,0.0,0.0,0.09658234126984126,0.5,4.0584142886193144e-07
0.3916555795665113,0.846875,0.017070263648388727,0.4683058615776235,0.7932225942460318,1.0,1.0,1.0,0.5,0.4405034722222222,0.5789570073799049,0.11205357142857143,0.014951449013948907,0.6922637498424953,0.5,0.8758768652855683,0.11899305555555557,1.0,0.8784419048650063,0.8784419048650063,0.02938741305358386,,0.0,0.0351387762810078,0.5,0.0,0.0,0.11899305555555557,0.5,1.4193833431534556e-06
0.21577607247894812,0.7437499999999999,-0.001551414442039411,0.2100629745032269,0.8121600942460316,0.2004476510458101,1.0,1.0,0.10022382552290506,0.0882978862844677,0.7455795009766839,0.0,0.007739748677248666,0.725838810135327,0.5,1.0,0.11899305555555555,1.0,0.9405034722222223,0.9405034722222223,0.03864442654436796,,0.0,0.037621238975296435,0.5,0.0,0.0,0.11899305555555555,0.5,1.4193833431534535e-06
0.5124717302459162,0.6385416666666667,-0.014280100108225082,0.4076796506587657,0.8121600942460316,1.0,0.9846410105326422,1.0,0.5076794947336789,0.44482595284401205,0.464498820560131,0.024062499999999997,0.0018405483405483372,0.3695164156791494,0.5,0.12888903625319925,0.12380555555555554,0.9846410105326422,0.5025417403488219,0.45797277473610815,0.02302944919395273,,0.0,0.01832030382973356,0.5,0.0,0.0,0.12380555555555554,0.5,1.8005732932702126e-06
0.5052699652106156,0.9237499999999998,-0.007934764309764511,0.395296115548603,0.8127251984126984,1.0,1.0,1.0,0.5,0.42856597222222226,0.47131925540646896,0.0953125,-0.00046395502645496284,0.3687349014853391,0.5,0.05847117927422499,0.14286805555555554,1.0,0.45780156185933474,0.45780156185933474,0.023410779382915334,,0.0,0.018315337916779313,0.5,0.0,0.0,0.14286805555555554,0.5,4.25187813271334e-06
0.4938019818584651,0.9145833333333333,-0.004643879268879346,0.4115242138447303,0.8263085317460318,1.0,1.0,1.0,0.5,0.44143055555555555,0.48218646619706484,0.0,-0.0005462361712361181,0.40184408673594735,0.5,0.11762497248726603,0.11713888888888888,1.0,0.5002430417991885,0.5002430417991885,0.02401155194447012,,0.0,0.02001072373170869,0.5,0.0,0.0,0.11713888888888888,0.5,1.2917444546183459e-06
0.25626300992139994,0.8006249999999999,0.00035606060606057185,0.2376674970780455,0.8263085317460318,0.32239098481133005,0.9852722773763114,1.0,0.16855935371750932,0.14340655237944097,0.7072202096002416,0.16041666666666668,0.0011044372294372498,0.6559013614577227,0.5,1.0,0.14922222222222223,0.9852722773763114,0.9253888888888888,0.8465680226929357,0.03651678047835852,,0.0,0.0338669705795692,0.5,0.0,0.0,0.14922222222222223,0.5,5.520406056996515e-06
0.5140937823239904,0.896875,0.010593013468013385,0.39356769294937266,0.8263085317460318,1.0,0.9848940893412202,1.0,0.5075529553293898,0.43003481542272826,0.462957788405838,0.06510416666666667,-0.0012169011544011549,0.3544202147167786,0.5,0.11487771237860728,0.15272916666666664,0.9848940893412202,0.4810742728559704,0.4390857257163589,0.022948429270171555,0.0,0.0,0.017568312777183737,0.5,0.0,0.0,0.15272916666666664,0.5,6.346026730961009e-06
0.4735448206366675,0.8887499999999999,0.015771885521885482,0.39559931710436536,0.8263085317460318,1.0,0.9919788118652593,1.0,0.5040105940673704,0.4157832395695712,0.5013661466448921,0.18348214285714284,0.004326569264069294,0.418841251320844,0.5,0.27432162489802714,0.17505059523809524,0.9919788118652593,0.549635514829966,0.5237079452994147,0.025089032718440363,0.0,0.0,0.020959376552529777,0.5,0.0,0.0,0.17505059523809524,0.5,1.4386380928624565e-05
0.2796393274315939,0.64140625,-0.0006114267676768236,0.2581366466317046,0.8263085317460318,0.4188237474516902,0.9824925953183922,1.0,0.21816557606664902,0.1768121612627538,0.6850603834059753,0.10375000000000001,0.001459866522366546,0.6323831191301487,0.5,1.0,0.1895505952380952,0.9824925953183922,0.9052247023809524,0.8142019017320261,0.03530028916243068,,0.0,0.032585896816492786,0.5,0.0,0.0,0.1895505952380952,0.5,2.3191077098614076e-05
0.23561490082328296,0.7700000000000001,-0.0021322601010101048,0.19821940082608622,0.8263085317460318,0.22365645309292728,0.9760465903647292,1.0,0.12380493136409905,0.10265897539369939,0.7267752190109071,0.10982142857142858,0.009533639971139887,0.611425457151536,0.5,1.0,0.17080059523809527,0.9760465903647292,0.9145997023809523,0.7907775799080068,0.03760988016580998,0.0,0.0,0.031640647028513706,0.5,0.0,0.0,0.17080059523809527,0.5,1.2413844001861551e-05
0.22338017260603363,0.8710937499999999,0.004080808080808124,0.1849231419698386,0.8263085317460318,0.19206064715626514,0.978977547636685,1.0,0.10654154975979008,0.08503022425058888,0.7383471250245432,0.267578125,0.021247497294372236,0.6112336141164206,0.5,1.0,0.20190550595238096,0.978977547636685,0.8990472470238096,0.7914416564972797,0.03827270236942314,,0.0,0.031683691042322375,0.5,0.0,0.0,0.20190550595238096,0.5,3.387341462393761e-05
0.25556578046578593,0.8890625,0.004105429292929324,0.24527618351926736,0.8263085317460318,0.36942341753789765,0.9965632912684186,1.0,0.18643006313473953,0.14735174184278868,0.7078531345420115,0.038541666666666675,0.011113072691197668,0.6793535308842277,0.5,1.0,0.2096138392857143,0.9965632912684186,0.8951930803571428,0.8768918446781374,0.03658108499220262,,0.0,0.03510825627565817,0.5,0.0,0.0,0.2096138392857143,0.5,4.241209444357537e-05
0.24569840639398852,0.85625,-0.006434974747474704,0.22919618119941843,0.8452395833333333,0.3533876573599272,1.0,1.0,0.1766938286799636,0.12871790454054519,0.7170780139362142,0.33359374999999997,0.01820939303751814,0.6689157851219373,0.5,1.0,0.27152008928571425,1.0,0.8642399553571429,0.8642399553571429,0.03722357966979733,,0.0,0.0347234743444335,0.5,0.0,0.0,0.27152008928571425,0.5,0.00020034652362991575
0.2712937571618505,,-0.006434974747474704,0.26247535359693885,0.8452395833333333,0.47447370564755104,1.0,1.0,0.23723685282377552,0.17259987181367983,0.6928322180799478,0.1,0.013562342171717177,0.6703117068609709,0.5,1.0,0.2724575892857143,1.0,0.8637712053571429,0.8637712053571429,0.03587402475820177,,0.0,0.03470793958497486,0.5,0.0,0.0,0.2724575892857143,0.5,0.00020453303475148109
0.525667066762725,0.8273437499999999,-0.002033166486291446,0.32834868221412117,0.8452395833333333,1.0,0.9885942102214611,1.0,0.5057028948892694,0.3623365004551965,0.4516995560945314,0.055208333333333325,6.1124639249649e-05,0.28214617840476036,0.5,0.030063764901585657,0.2834992559523809,0.9885942102214611,0.3732822544746024,0.34845421347836736,0.022633377142743508,,0.0,0.014137540714966507,0.5,0.0,0.0,0.2834992559523809,0.5,0.0002595861664476721
0.26989761887673036,0.844375,0.003085508241758239,0.22725193026551432,0.8452395833333333,0.40600021223936555,0.9802878868171007,1.0,0.21285616271113245,0.14839384580996187,0.6939767453564273,0.2571428571428571,0.007599770021645003,0.5843236246321118,0.5,1.0,0.30284449404761904,0.9802878868171007,0.8485777529761904,0.7530320469181835,0.03612563576684234,0.0,0.0,0.030417535709469836,0.5,0.0,0.0,0.30284449404761904,0.5,0.0003857341572167892
0.2917717659382902,0.8875,0.00429095643939388,0.26431059713488064,0.8452395833333333,0.570209342669403,0.9905660377358492,1.0,0.28982165246677694,0.1910113735129569,0.6729587923196277,0.25555555555555554,0.007525229978354982,0.6096208098585815,0.5,1.0,0.34093477182539683,0.9905660377358492,0.8295326140873016,0.7836715277855447,0.035269441742082165,0.0,0.0,0.03194992900524599,0.5,0.0,0.0,0.34093477182539683,0.5,0.0007852316325835932
0.5020989209026355,0.7791666666666667,0.00466956496786044,0.32925036265985375,0.8452395833333333,1.0,0.9766400059154826,1.0,0.5116799970422587,0.3560073224659266,0.4738907543034383,0.0,-0.0009053406084656057,0.3107529138582136,0.5,0.19388114625170874,0.30423834325396826,0.9766400059154826,0.44482140149887023,0.38600482693683763,0.024010324793926136,0.0,0.0,0.01574472243789991,0.5,0.0,0.0,0.30423834325396826,0.5,0.00039650958388854534
0.4159180239812682,0.7418750000000001,0.004272253787878942,0.36439806378245043,0.8452395833333333,1.0,0.9592632759449369,1.0,0.5203683620275316,0.35642587076807153,0.5555694643800659,0.1578125,-0.0038194068662818774,0.48675081492949873,0.5,0.8940028041213604,0.31505084325396826,0.9592632759449369,0.789475980433696,0.6151284755289926,0.028512511638665756,,0.0,0.024980653483707448,0.5,0.0,0.0,0.31505084325396826,0.5,0.0004889381022757024
0.2035788843093811,0.8864583333333332,-0.001769589837771663,0.1559730123671977,0.8452395833333333,0.16842784313840192,0.9882553023674255,1.0,0.09008627038548819,0.05506243992000511,0.7555086579212937,0.47847222222222224,0.01050651605339113,0.5788368555277164,0.5,1.0,0.38878100198412696,0.9882553023674255,0.8056094990079365,0.7504806471287706,0.04091245776932505,,0.0,0.03134529056525209,0.5,0.0,0.0,0.38878100198412696,0.5,0.001726633698048521
0.3138954022681565,0.6140625,-0.015716343118686815,0.2492179416167533,0.8452395833333333,0.6312745465028844,0.9698063911859311,1.0,0.3307340776584766,0.1954587542034973,0.6504965195393096,0.3687500000000001,0.024896209114959152,0.5164631353534639,0.5,1.0,0.409015376984127,0.9698063911859311,0.7954923115079365,0.6618296774511696,0.035608078192534,,0.0,0.02827111161217533,0.5,0.0,0.0,0.409015376984127,0.5,0.0023410345236048787
0.5176625322283549,0.4734375,-0.0296054466366966,0.27668267037402217,0.8452395833333333,1.0,0.9227598190848256,1.0,0.5386200904575872,0.3038968824362276,0.4549567700993586,0.17239583333333333,0.012080251924001962,0.24316740389528937,0.5,0.4080415361485621,0.4357862103174603,0.9227598190848256,0.4861276629155509,0.30011132651220546,0.027380697672286614,0.0,0.0,0.014634562242820694,0.5,0.0,0.0,0.4357862103174603,0.5,0.0034246083103287458
0.37686572743546565,0.8958333333333334,-0.018746279761904697,0.24453916774554293,0.8452395833333333,0.7192966519595096,0.9235608740125459,1.0,0.39786788897348185,0.22454471628837222,0.5891669489608486,0.33281249999999996,0.026061958874458873,0.3822963588185077,0.5,1.0,0.4356299603174604,0.9235608740125459,0.7821850198412699,0.48540321736304803,0.03396732360368573,0.0,0.0,0.022040584855281698,0.5,0.0,0.0,0.4356299603174604,0.5,0.0034172476051559544
0.3640607273819567,0.815625,-0.013129103535353487,0.22067118908449773,0.8452395833333333,0.6590730225802137,0.9187545444462245,1.0,0.3701592390669946,0.19785984465019285,0.5990426684286331,0.24921875,0.019920559764309856,0.36310276833515037,0.5,1.0,0.4654737103174602,0.9187545444462245,0.7672631448412699,0.4614677326013669,0.03689660418941024,,0.0,0.022364448860519266,0.5,0.0,0.0,0.4654737103174602,0.5,0.00508558535997993
0.5472355728198594,0.8125,-0.007784090909090881,0.2503621804835953,0.8452395833333333,1.0,0.9169983855662227,1.0,0.5415008072168886,0.2820813617197759,0.4220266106771828,0.12321428571428572,0.00211136664261672,0.19307864422407012,0.5,0.27124126211718547,0.47907490079365084,0.9169983855662227,0.39608318066176734,0.2355037501769111,0.0307378165029579,,0.0,0.01406265810413322,0.5,0.0,0.0,0.47907490079365084,0.5,0.00604491939720934
0.3498341838493475,0.8916666666666666,0.003194444444444373,0.21452542592939083,0.8452395833333333,0.5918375872007942,0.9225934461382992,1.0,0.3346220705312475,0.18614431563905035,0.6140851774479078,0.08035714285714286,-0.005397501803751755,0.3765695015832676,0.5,1.0,0.443717757936508,0.9225934461382992,0.778141121031746,0.479866638003811,0.03608063870274457,,0.0,0.02212538037404597,0.5,0.0,0.0,0.443717757936508,0.5,0.003816021945173859
0.4735911233063817,0.8603124999999998,0.01476452020202031,0.30338002523569896,0.8452395833333333,1.0,0.9193769025054535,1.0,0.5403115487472733,0.31931715700593444,0.4986962799266018,0.08203125,-0.010778018278018544,0.3194622587788755,0.5,0.7299944820789862,0.40901289682539677,0.9193769025054535,0.6604907926267947,0.3988671779662702,0.027712596767016654,,0.0,0.01775254622136405,0.5,0.0,0.0,0.40901289682539677,0.5,0.002340949352491198
0.49238726321079096,0.8203125,0.017260101010101007,0.24345730760880915,0.8452395833333333,1.0,0.9242448516815992,1.0,0.5378775741592003,0.26250613414657525,0.47038152531626126,0.5147321428571429,-0.00749037999038004,0.23257673026647077,0.5,0.4339708085136059,0.5119593253968253,0.9242448516815992,0.4610057415583903,0.2873614953382565,0.03723121147294775,,0.0,0.018408702217664143,0.5,0.0,0.0,0.5119593253968253,0.5,0.009002906776215985
0.4703990793279471,0.760546875,0.013510890151515268,0.22218400875495337,0.8452395833333333,1.0,0.9264539146938122,1.0,0.5367730426530939,0.2356926473767123,0.48055685201061854,0.40255681818181815,-0.006039739931785415,0.2269818384145732,0.5,0.4470275358658029,0.560908189033189,0.9264539146938122,0.443059673416307,0.28015936703456784,0.049044068661434376,,0.0,0.02316502786616588,0.5,0.0,0.0,0.560908189033189,0.5,0.015571149980186409
0.5611689255074283,0.8150568181818183,0.022147512052341594,0.23240023905519264,0.8452395833333333,1.0,0.9180064263651265,1.0,0.5409967868174368,0.26508549806875387,0.4030266976235662,0.22395833333333334,0.0040798816082906085,0.1669078536176034,0.5,0.18421399201176883,0.5100054112554113,0.9180064263651265,0.33710429037817874,0.20176164421508327,0.03580437686900549,0.0,0.0,0.014827880456949752,0.5,0.0,0.0,0.5100054112554113,0.5,0.008798704021284402
0.2946937030195674,0.71171875,0.007853262741046951,0.1677016463636108,0.8452395833333333,0.4369242997629809,0.9295601032072448,1.0,0.25368209827786803,0.12420376084788852,0.6596018578932994,0.370703125,0.017973966532205062,0.375360302509952,0.5,1.0,0.5103960362554112,0.9295601032072448,0.7448019818722944,0.48051359173145386,0.04570443908713304,,0.0,0.026009071800657535,0.5,0.0,0.0,0.5103960362554112,0.5,0.008839216316926272
0.3072754975064796,0.715625,-0.016786630509641888,0.208399487970842,0.8452395833333333,0.7111097893733722,0.958213221775698,1.0,0.3764482837988371,0.16268261983018711,0.6410511568319275,0.45965909090909096,0.023606243030958998,0.4347718380769117,0.5,1.0,0.5678486877705626,0.958213221775698,0.7160756561147187,0.5542833898065082,0.051673345661592915,,0.0,0.035045745153790574,0.5,0.0,0.0,0.5678486877705626,0.5,0.016763541095742508
0.2686164479058178,0.7822916666666667,-0.012566043962350747,0.1584374571384499,0.8452395833333333,0.4325790779237306,0.9447801468339285,1.0,0.24389946554490105,0.10583337939085646,0.675382196846372,0.32395833333333335,0.029049125590318785,0.3983592170142818,0.5,1.0,0.5660778544372296,0.9447801468339285,0.7169610727813852,0.5098942661136779,0.05600135524781018,,0.0,0.03303115796126147,0.5,0.0,0.0,0.5660778544372296,0.5,0.016452314214471808
0.392030709192487,,-0.012566043962350747,0.2692629295553192,0.8452395833333333,1.0,0.9447801468339285,1.0,0.5276099265830357,0.2552396886412498,0.5686545851024776,0.0,0.011355960169880715,0.3905755235480213,0.5,0.9037020882550167,0.5162341044372296,0.9447801468339285,0.6937339919088936,0.49337543991088717,0.03931470570503528,,0.0,0.027002968350485268,0.5,0.0,0.0,0.5162341044372296,0.5,0.009463464523502314
0.3735608862591302,0.8913194444444446,-0.004765097197625591,0.2754397796964555,0.8452395833333333,1.0,0.9537355301284416,1.0,0.5231322349357792,0.2523962647201601,0.5866932513619226,0.12968749999999998,-0.004642805899908105,0.4325898825296931,0.5,0.9743360328980442,0.5175287472943724,0.9537355301284416,0.7284036428018359,0.5482010726889741,0.03974586237894714,,0.0,0.029306043486332128,0.5,0.0,0.0,0.5175287472943724,0.5,0.009606758566110887
0.21462877095689956,0.9625,0.004242954804034226,0.13881127746956806,0.8452395833333333,0.23747503766053638,0.9714819777579352,1.0,0.13299652995130057,0.06007023430099849,0.731495793898893,0.234375,-0.017866950757575648,0.4730953131866549,0.5,1.0,0.5483323187229437,0.9714819777579352,0.7258338406385281,0.6101627661337865,0.05387543514420753,,0.0,0.03484396776468566,0.5,0.0,0.0,0.5483323187229437,0.5,0.01359042593663306
0.21387397917375806,0.809375,0.00731677272249007,0.12872552350967595,0.8452395833333333,0.23420224414521487,0.9617460794056434,1.0,0.13622808236978573,0.05657736367762936,0.7234196617974749,0.2638020833333334,-0.03124125795290576,0.4354086226002132,0.5,1.0,0.5846864853896104,0.9617460794056434,0.7076567573051948,0.5599963617287408,0.06270635902876726,,0.0,0.03774142569632505,0.5,0.0,0.0,0.5846864853896104,0.5,0.019975991181217987
0.3873811409886986,0.8583333333333334,0.011790914047499747,0.2344333894121328,0.8452395833333333,1.0,0.9615119248883099,1.0,0.519244037555845,0.22219440700836096,0.5620964986773274,0.45170454545454547,-0.007722896579430641,0.3401667593453204,0.5,0.6549870983978783,0.5720809659090909,0.9615119248883099,0.5414530662443937,0.4278473697218007,0.050522360333974024,,0.0,0.030574870382087505,0.5,0.0,0.0,0.5720809659090909,0.5,0.017527298949499316
0.35206037545482677,0.8440624999999999,0.013513006485307634,0.23901085590556637,0.8452395833333333,1.0,0.9643217790963131,1.0,0.5178391104518434,0.2117170001366051,0.5937753776933616,0.4979166666666666,0.011601741850321456,0.4031091572142888,0.5,0.8585611102115396,0.5911529356060606,0.9643217790963131,0.6337040873027395,0.5095870237092196,0.054164246851811496,,0.0,0.03677165594908859,0.5,0.0,0.0,0.5911529356060606,0.5,0.021338756511353918
0.18675078092974262,0.64453125,0.0029206377364090984,0.10074938516527358,0.8452395833333333,0.1375378918833171,0.9505960110078766,1.0,0.09347094043772025,0.03193848631220856,0.7186162680508472,0.5597222222222222,0.02123514979338841,0.38768323653288445,0.5,1.0,0.6583057133838384,0.9505960110078766,0.6708471433080808,0.49499350442633056,0.09463295101941015,,0.0,0.05105312858192481,0.5,0.0,0.0,0.6583057133838384,0.5,0.040694503131343214
0.21312512458107682,0.8234375,0.004598622948232282,0.11969938552762809,0.8452395833333333,0.24669848864319233,0.9515875265477821,1.0,0.1475554810477051,0.05454745401801841,0.7077794050475423,0.23080357142857144,0.018640661211684246,0.3975165295027036,0.5,1.0,0.6303258026695527,0.9515875265477821,0.6848370986652237,0.5084868459103015,0.07909547037138084,,0.0,0.04442310225076873,0.5,0.0,0.0,0.6303258026695527,0.5,0.03135887814369358
0.1923512570003197,,0.004598622948232282,0.10513431596429201,0.8452395833333333,0.13589825900636826,0.9515875265477821,1.0,0.09215536622929307,0.034850258043420936,0.729587372511963,0.4171875,0.03383871862565059,0.3987739437808969,0.5,1.0,0.6218314844877344,0.9515875265477821,0.6890842577561328,0.5116403323882169,0.07806137048771722,,0.0,0.042666364220576326,0.5,0.0,0.0,0.6218314844877344,0.5,0.02890721474615579
0.16341574690883337,0.8385416666666666,0.0007664364432366889,0.09394787064913818,0.8452395833333333,0.0211967092087388,0.9665919015400795,1.0,0.02730240383432967,0.010250965517560195,0.7579223114859664,0.33749999999999997,0.036158275121343314,0.43573026852365365,0.5,1.0,0.6245398178210678,0.9665919015400795,0.6877300910894661,0.5608890219343822,0.0786619416052002,,0.0,0.04522282616410413,0.5,0.0,0.0,0.6245398178210678,0.5,0.029670905321261508
0.1534866077793668,0.8781250000000002,-0.0023044044384058705,0.09549911381721848,0.8452395833333333,0.08125970508538956,0.9858172198053643,1.0,0.04772124264001263,0.012659142032027778,0.6981970609636673,0.5509375000000001,0.02835851343521798,0.4344170579863458,0.5,1.0,0.7347273178210678,0.9858172198053643,0.6326363410894661,0.5466503276893713,0.14831633125696586,0.29296875,0.006360420358883477,0.09228217630571245,0.5,0.2242860992489322,0.05859375,0.7347273178210678,0.5828461746244661,0.09168769947674167
0.12992569697822862,0.80625,-0.007020300662878748,0.09314113435212126,0.8452395833333333,0.19440471402784265,0.9886517218572973,1.0,0.10287649608527266,0.013498443793278844,0.5849147787966269,0.8,0.036111782052122975,0.41931370978573207,0.5,1.0,0.8687898178210677,0.9886517218572973,0.5656050910894661,0.4972220155005083,0.28515952422514446,,0.006360420358883477,0.2044251612680729,0.5,0.1761314451251113,0.05859375,0.8687898178210677,0.5587688475625556,0.24028160240631843
0.15197275751511047,0.79375,-0.005753510483624162,0.11344397317109799,0.8452395833333333,0.6153841181087703,0.9771083149501499,1.0,0.31913790157931016,0.044820030528693953,0.5397020096317874,0.18822115384615387,0.009349462090939465,0.402874444750195,0.5,1.0,0.8595590485902986,0.9771083149501499,0.5702204757048507,0.46717128376309963,0.3083252328531023,0.0,0.003964238209406205,0.2301572993454573,0.5,0.4240070894824993,0.05859375,0.8595590485902986,0.6827066697412496,0.27535213280590276
0.0805561549475676,0.81015625,0.0010402462121212267,0.06778808844525704,0.8452395833333333,0.12472323256955778,0.9590845790764455,1.0,0.08281932674655614,0.00625474717238759,0.3787757116309559,0.5883928571428572,0.006935935697299213,0.3187401565735942,0.5,0.831603432900494,0.9244772033522033,0.9590845790764455,0.45356311477414535,0.29933605131458035,0.5406681334214766,0.4671875,0.008340436586592514,0.4549727984380883,0.5,1.0,0.15203125,0.9244772033522033,0.923984375,0.5768220656061264
0.10141112054097531,0.7234375,-0.0029454583715946975,0.06734253600613002,0.8452395833333333,0.4401796865978986,0.9489173434553815,1.0,0.24563117157125855,0.02718040876458553,0.35685526114600286,0.2760416666666667,-0.00392253117253126,0.23697143019923195,0.5,0.5861968917457459,0.8893446275946276,0.9489173434553815,0.3484261320755591,0.21570532850717256,0.5417336183130217,0.0,0.006691490909905062,0.3597407809159871,0.5,1.0,0.15203125,0.8893446275946276,0.923984375,0.4571778096037763
0.10920745684034901,,-0.0029454583715946975,0.08359286475021743,0.8452395833333333,0.5615258153913307,0.9489173434553815,1.0,0.3063042359679746,0.03172455429560614,0.3942916458323113,0.5333333333333333,0.004463147963147962,0.3018106013620058,0.5,0.850860030271605,0.896427960927961,0.9489173434553815,0.477216034671822,0.2954372018957885,0.4965008973273397,0.0,0.005245454956584658,0.38004668874691155,0.5,1.0,0.15203125,0.896427960927961,0.923984375,0.47946509201963544
0.1604054740120385,0.746875,-0.002418802038472605,0.0778078938743458,0.8452395833333333,0.19271780427161053,0.9357307469529105,1.0,0.12849352865935004,0.02769247345128762,0.5935290635064756,0.0,-0.012551004551004639,0.28790318203969634,0.5,1.0,0.7844835164835164,0.9357307469529105,0.6077582417582418,0.34595220667601856,0.2460654624814858,0.0,0.004154450624119192,0.11935899013935372,0.5,0.33100542727367993,0.15203125,0.7844835164835164,0.58948708863684,0.13739699462540753
0.12436380074103896,0.8104166666666667,0.001450421940928477,0.06356561646382346,0.8452395833333333,0.10435518875794822,0.9317501201582393,1.0,0.08630253429985445,0.012833915917127292,0.5329498589360235,0.56484375,-0.013898896242646158,0.27240472006897165,0.5,1.0,0.8512915521978022,0.9317501201582393,0.5743542239010989,0.3116580937645235,0.3426863403229374,0.09343749999999999,0.003945646367521356,0.17515602085624338,0.5,0.28388199311934426,0.17071874999999997,0.8512915521978022,0.5565816215596722,0.21183553008549796
0.10312876408406767,0.8859375,-0.0022818421619293433,0.07266282470105338,0.8452395833333333,0.2962008430779322,0.9603108093119556,1.0,0.16794501688298832,0.011040654657272659,0.46152650221158414,0.83203125,0.007703699078699033,0.32518395447610726,0.5,1.0,0.9342603021978022,0.9603108093119556,0.5328698489010989,0.3465723391707142,0.43534473370434806,0.0,0.0024471726190476244,0.30673671260036794,0.5,0.31766202106909036,0.17071874999999997,0.9342603021978022,0.5734716355345452,0.38134610551242104
0.13069959145186943,0.9265625,0.003691029614325103,0.07118746359311881,0.8452395833333333,0.13971573983073515,0.9725114920572324,1.0,0.08360212388675137,0.011139121722292663,0.5826617361199747,0.0,-0.026418137418137463,0.3173553235047303,0.5,1.0,0.8667603021978021,0.9725114920572324,0.566619848901099,0.3759017802909735,0.2866386724281558,0.2255208333333333,0.0021742788461538436,0.15612198807349364,0.5,0.08230250345586759,0.21582291666666667,0.8667603021978021,0.4332397933946005,0.18370560789303997
0.12311776118094961,0.809375,0.003982007575757467,0.0801561302024753,0.8452395833333333,0.19165721429431942,0.969060793907053,1.0,0.1112982101936332,0.01834218965136173,0.5150107200420929,0.393125,-0.020776716339216305,0.3352990335057533,0.5,1.0,0.8351978021978022,0.969060793907053,0.5824010989010989,0.37821824233917284,0.3618715187769575,0.0,-0.01885179924242415,0.2355973687096376,0.5,0.9073521982316882,0.21582291666666667,0.8351978021978022,0.8457646407825108,0.28706852736467536
0.12751178175551525,,0.003982007575757467,0.07892663485168781,0.8452395833333333,0.14446633039047202,0.969060793907053,1.0,0.0877027682417095,0.013814109607808047,0.5594626926002472,0.8364583333333334,0.02756356837606842,0.3462935506356994,0.5,1.0,0.842489468864469,0.969060793907053,0.5787552655677655,0.4039341693458849,0.31302552564423747,0.0,-0.012419823232323138,0.1937550477425727,0.5,0.45058836587741774,0.15722916666666667,0.842489468864469,0.6466795996053756,0.23124696740721004
0.08791164109010094,0.984375,0.014738363991081369,0.08309455689230921,0.8452395833333333,0.447380037048589,0.9816311943112777,1.0,0.23287442136865566,0.007968325066891152,0.4121501115508707,0.8046875,0.032943722943723275,0.389566506412218,0.5,1.0,0.9657827380952382,0.9816311943112777,0.5171086309523809,0.387814342526636,0.49993824735902836,0.022812499999999993,-0.020704545454545302,0.4725443254464952,0.5,0.6284822601839575,0.16179166666666667,0.9657827380952382,0.7333452967586453,0.5950934137310283
0.10429631214066197,0.915625,0.016829950428724563,0.0863948123651383,0.8452395833333333,0.35483586978616877,0.9945713123744501,1.0,0.18013227870585935,0.005041827425860898,0.5038420042112345,0.6195312500000001,0.04743023989898944,0.4173621724687431,0.5,1.0,0.9720104166666665,0.9945713123744501,0.5139947916666667,0.4634737410583741,0.3918616836481035,0.0,0.0006357323232323942,0.32460224083672196,0.5,0.013403523249856875,0.06835416666666666,0.9720104166666665,0.47252467829159506,0.39851989738852467
0.09340279509725065,,0.016829950428724563,0.08128879610151264,0.8452395833333333,0.4717800868767375,0.9945713123744501,1.0,0.23860438725114372,0.0,0.4719298655046008,0.5270833333333333,0.03567329545454457,0.4107222976708006,0.511109375,1.0,1.0,0.9945713123744501,0.5,0.440873385316417,0.4346673393981486,0.10312499999999998,0.0021180555555556416,0.37829258415161876,0.5,0.05937370037075769,0.08897916666666665,0.9945713123744501,0.48519726685204556,0.4696063004413568
0.09285822894580739,,0.016829950428724563,0.08153720051642074,0.8452395833333333,0.39193221666310896,0.9945713123744501,1.0,0.19868045214432944,0.0,0.46917837378352095,0.6171875,0.04294097222222227,0.4119773936619153,0.5194947916666667,1.0,1.0,0.9945713123744501,0.5,0.440873385316417,0.4379633972706716,0.0,-0.0032746212121212634,0.3845680641071922,0.5,0.07625866492204438,0.08897916666666665,0.9945713123744501,0.4936397491276889,0.47777749830017646
0.061353115350840544,0.9125,0.015321064505347577,0.06751840991654974,0.8525260416666667,0.5329534033834927,1.0,1.0,0.26647670169174636,0.0,0.3099946512627127,0.7306250000000001,0.01982417929292925,0.34114560957835655,0.5925572916666667,0.6895972417428001,1.0,1.0,0.34479862087140006,0.26681666611765176,0.6286522333864467,0.6859375,0.028747474747474553,0.691824676644706,0.5,1.0,0.22616666666666668,1.0,0.8869166666666667,0.8869166666666667
0.05022773957251204,0.85,0.01204029136104319,0.03933645536605078,0.8565104166666666,0.35035310301808414,1.0,1.0,0.17517655150904207,0.005104202901024664,0.22901597931319131,0.3921875,0.007047348484848435,0.1793566050361523,0.5925572916666667,0.2050665001102199,0.970862522083835,1.0,0.11710198901319248,0.0871824308203218,0.7207562811142967,0.24010416666666665,0.034366161616161586,0.5644689074833338,0.5,1.0,0.25549999999999995,0.970862522083835,0.87225,0.7304447919928657
0.0838689623591816,0.9515625,0.009415690104166648,0.07581332532808945,0.8793229166666666,0.231934827655918,1.0,1.0,0.115967413827959,0.0025074916983833942,0.41321799542613,0.8765625,0.04059627525252523,0.3735282926775424,0.5925572916666667,1.0,0.9783776181979592,1.0,0.5108111909010205,0.37171889990364415,0.5029130422146884,0.083984375,0.02346227904040387,0.4546081054141874,0.5,0.577941668156968,0.272296875,0.9783776181979592,0.6528223965784841,0.5725772648672417
0.05313584622403325,0.925,0.005387567476383297,0.05209489527807966,0.8971354166666666,0.14184230604450354,1.0,1.0,0.07092115302225177,0.0,0.2684758132695363,0.878125,0.018221906565656393,0.26321627245766566,0.6675572916666668,0.4797410443822902,1.0,1.0,0.2398705221911451,0.17131127924175205,0.6783883405064305,0.29312499999999997,0.037982796717172154,0.6650984611696701,0.5,1.0,0.28581770833333325,1.0,0.8570911458333333,0.8570911458333333
0.03838409882915295,,0.005387567476383297,0.03211755348139832,0.8971354166666666,0.16219146903458764,1.0,1.0,0.08109573451729382,0.0,0.19394066144009672,0.75,0.004423295454545454,0.1622781244323283,0.7032447916666666,0.13316228351507345,1.0,1.0,0.06658114175753672,0.04448556566709418,0.7676752397307502,0.23020833333333335,0.03321732954545462,0.6423454326266839,0.5,1.0,0.331859375,1.0,0.8340703125,0.8340703125
0.09626365627949317,,0.005387567476383297,0.07098727090674188,0.8971354166666666,0.29029115774476333,1.0,1.0,0.14514557887238166,0.01378110633850478,0.4153698226439923,0.16874999999999996,-0.015850063131313253,0.30630428207406185,0.7032447916666666,0.8540279443154702,0.9050532131562772,1.0,0.47448736557959653,0.30753453768136313,0.48836652107651446,0.1,0.018559185606060662,0.36013390591342836,0.5,1.0,0.35185937500000003,0.9050532131562772,0.8240703125,0.4529069197997056
0.11230772764941972,,0.005387567476383297,0.06390647930625673,0.8971354166666666,0.7942027298193395,1.0,1.0,0.39710136490966974,0.040085700982194106,0.29975599946199655,0.7625,0.002238320707070698,0.17057019118348588,0.7032447916666666,0.32995974965682817,0.8990542352043727,1.0,0.21545275722622775,0.1342842973905781,0.5879362728885837,0.14718749999999997,0.006783617424242333,0.3345534456367938,0.5,1.0,0.376734375,0.8990542352043727,0.8116328125,0.42862247882964927
0.07772040099253769,,0.005387567476383297,0.05150337365773657,0.8971354166666666,0.2800872002491439,1.0,1.0,0.14004360012457195,0.009360579242975332,0.3390158075785966,0.859375,0.013778409090908892,0.22465733051578374,0.7032447916666666,0.7163076923076788,0.9331595357827928,1.0,0.391574078262443,0.1933947662468369,0.5832637914288659,0.646875,0.019235321969697055,0.38651438499234325,0.5,1.0,0.506109375,0.9331595357827928,0.7469453125000001,0.4932012816959242
0.08521017727678926,,0.005387567476383297,0.04788585054566872,0.8971354166666666,0.25629656973875026,1.0,1.0,0.12814828486937513,0.00091586688859636,0.42434257273509846,0.946875,0.02102083333333327,0.23846922594881786,0.7032447916666666,1.0,0.9928530694770521,1.0,0.503573465261474,0.24119595318945664,0.4904472499881122,0.177734375,0.005131628787878996,0.2756182942464347,0.5,0.24412109199028,0.52103125,0.9928530694770521,0.36154492099514,0.3463156850505943
0.0676345957991993,0.95,0.0032061929789765856,0.05124500907975453,0.91109375,0.12821857857302402,1.0,1.0,0.06410928928651201,0.0,0.34173264107661067,0.8703125,0.025005681818181833,0.25892211061349657,0.72353125,1.0,1.0,1.0,0.5,0.22292187500000005,0.59063276312419,0.165625,-0.017411931818181705,0.44750738806748286,0.5,0.6963190184049031,0.5541562499999999,1.0,0.5710813842024516,0.5710813842024516
0.09141218545024887,,0.0032061929789765856,0.0518124321649485,0.91109375,0.1090766683569353,1.0,1.0,0.05453833417846765,0.0,0.4618720234063238,0.7953125,0.029393939393939417,0.2617890904123713,0.73,1.0,1.0,1.0,0.5,0.277828125,0.4467157911434274,0.136875,0.002197916666666733,0.25319853706185647,0.5,0.07477448453608466,0.44434375,1.0,0.31521536726804233,0.31521536726804233
0.08157253690027716,0.846875,-0.00023553815136476887,0.05785593747699013,0.91109375,0.016396063799683457,0.9957125707425828,1.0,0.010341746528550333,7.304743909292736e-05,0.4117645513975762,0.340625,-0.01436553030303018,0.29204711593097593,0.73,1.0,0.9929366438356165,0.9957125707425828,0.5035316780821917,0.28970169366606024,0.5066629117021467,0.0665625,-0.005094381313131469,0.35935449423603216,0.5,0.35462535706439535,0.4096354166666666,0.9929366438356165,0.4724949701988644,0.4528208548038929
0.10430401323920989,,-0.00023553815136476887,0.05896965412338183,0.91109375,0.005379071968884046,0.9957125707425828,1.0,0.0048332506131506265,0.0006145014692233457,0.5228794044983743,0.0,-0.043787878787878376,0.2956167905140384,0.73,1.0,0.872859589041096,0.9957125707425828,0.563570205479452,0.3334695326502952,0.3728165822624157,0.0,-0.024321811868686722,0.21077678820522555,0.5,0.5554462226066916,0.39283854166666665,0.872859589041096,0.5813038404700125,0.25708072512918456
0.11843187460666592,0.94375,0.0012957518498943233,0.06263770240371823,0.91109375,0.044570487084313444,0.9975990396158463,1.0,0.02348572373423358,0.00384055927503306,0.570798794819474,0.6125,-0.02907196969696933,0.3018910674262928,0.73,1.0,0.836472602739726,0.9975990396158463,0.581763698630137,0.35376939214482966,0.3107693305738601,0.24427083333333333,-0.015264678030302821,0.16436349512610474,0.5,0.525065146579804,0.38306770833333326,0.836472602739726,0.5709987191232353,0.19558946541707234
0.16246294515684687,0.640625,-0.007825969827586201,0.07634628760179334,0.91109375,0.2594732853353506,0.9790773452238037,1.0,0.14019797005577342,0.02925792397354004,0.5842768912354682,0.4203125,-0.03016098484848526,0.2745695120464511,0.73,1.0,0.7913099315068494,0.9790773452238037,0.6043450342465753,0.3284161233197083,0.2532601636076849,,-0.015264678030302821,0.11901466682265589,0.5,0.5061067503924509,0.38306770833333326,0.7913099315068494,0.5615195210295588,0.13786199464826507
0.11895996782150497,0.953125,-0.004070461783439492,0.06027368637311594,0.91109375,0.07735122626079066,0.97564740181787,1.0,0.05085191222146032,0.007151050156142858,0.5474284998252613,0.665625,-0.05262310606060565,0.2773667000287166,0.73,1.0,0.859375,0.97564740181787,0.5703125,0.3200977956382262,0.3336115323532339,0.061132812499999994,-0.01890610908189053,0.16903162668709482,0.5,0.3592739102119229,0.34925260416666665,0.859375,0.5050106530226282,0.20342149070516374
0.12234628863936826,0.896875,-0.003458193041526387,0.05813809546447831,0.91109375,0.08328054394188898,0.9735894357743096,1.0,0.05484555408378971,0.008440486598083217,0.5506741631654176,0.665625,-0.04152462121212158,0.2616764874846478,0.73,1.0,0.8461044520547946,0.9735894357743096,0.5769477739726028,0.3029778735821919,0.3269795481952142,0.270625,-0.016618394626207067,0.15537838049129324,0.5,0.40020580901424185,0.3833776041666666,0.8461044520547946,0.5084141024237876,0.18653548899479894
0.12101544139160092,,-0.003458193041526387,0.06736678056469403,0.91109375,0.21589229197051638,0.9735894357743096,1.0,0.1211514280981034,0.01966895509683462,0.47718227515847356,0.79765625,-0.015591856060606434,0.2656374529589035,0.73,0.9733874022003537,0.8376498287671235,0.9735894357743096,0.5678687867166151,0.28962590926525555,0.4018022834499256,0.23593749999999997,-0.0160181403882574,0.2236749785671797,0.5,1.0,0.4011276041666666,0.8376498287671235,0.7994361979166666,0.27615876588094984
0.13790116898323745,,-0.003458193041526387,0.04710583373350013,0.91109375,0.21589229197051638,0.9735894357743096,1.0,0.1211514280981034,0.02558131074888248,0.41218678341958837,0.590625,0.0056297348484849715,0.14079940170245775,0.73,0.35145995178142064,0.7888484589041097,0.9735894357743096,0.28130574643865547,0.14347228532300876,0.4499120475971742,,-0.0160181403882574,0.15368602213507887,0.5,1.0,0.4011276041666666,0.7888484589041097,0.7994361979166666,0.19263948010697723
0.22304737427229313,0.4375,-0.013479960646230284,0.09003580512656226,0.91109375,0.4568158416744983,0.9214542960041159,1.0,0.2676807728351912,0.06446225118083766,0.5201406790098627,0.6537499999999999,0.029508522727273015,0.20996115720492092,0.73,1.0,0.7591823630136987,0.9214542960041159,0.6204088184931507,0.24559158088218344,0.256811946717844,0.40781249999999997,0.018582031249999763,0.1036652884361398,0.5,0.6297174352555938,0.35331510416666667,0.7591823630136987,0.6382011655444635,0.12218960312610999
0.1825062327919547,0.946875,-0.011770271282973643,0.06694603824534615,0.91109375,0.19356526676561014,0.9320871205625108,1.0,0.1307390731015497,0.030803341973690626,0.6030311713174494,0.8333333333333334,0.06080776515151536,0.22120092689751406,0.73,1.0,0.7643906963470318,0.9320871205625108,0.6178046518264841,0.26873047683812906,0.21446259589059588,0.09453124999999998,0.013581693672839684,0.07866811410794161,0.5,0.2233545935950455,0.33667447916666665,0.7643906963470318,0.4433400572141894,0.08843604822189642
0.15340583523442386,,-0.011770271282973643,0.06082597162241638,0.91109375,0.20169640469111402,0.9320871205625108,1.0,0.13480464206430165,0.023670641023434143,0.5482490657981085,0.77875,0.05835637626262654,0.21738274862421195,0.73,1.0,0.8244078196347031,0.9320871205625108,0.5877960901826484,0.2536538573856797,0.2983450989674676,0.19187499999999996,0.013948218936011936,0.11829491685079019,0.5,0.23901790737038725,0.34192447916666663,0.8244078196347031,0.4485467141018603,0.14081868822312893
0.15336365329119214,0.265625,-0.02531512605042017,0.0641764161322266,0.91109375,1.0,0.8567998628022637,1.0,0.5716000685988681,0.05333873642411956,0.290524326530448,0.600625,0.01817013888888907,0.12157254783538538,0.73,0.7177581834947051,0.9066852168949772,0.8567998628022637,0.40553648329986397,0.09591705714273759,0.5561120201783598,0.4380208333333333,0.02300432477678563,0.23271013474970015,0.5,0.9087185554979219,0.40215364583333335,0.8567998628022637,0.7532824548322943,0.2980122948749878
0.1339248469247907,0.896875,-0.02294407894736842,0.04255852217892502,0.91109375,0.5689393516227507,0.8537129137369232,1.0,0.35761321894291376,0.041216352303109445,0.1838080200125326,0.45234375,0.0034488636363634788,0.05841035383643682,0.73,0.08552072391352081,0.8847460045662102,0.8537129137369232,0.1003873596736553,0.017631104863503225,0.6822671330626766,0.7875,0.04032781153549396,0.21681026024024996,0.5,1.0,0.5463411458333333,0.8537129137369232,0.7268294270833333,0.281386726622018
0.14799976428737097,,-0.02294407894736842,0.050686421595642975,0.91109375,0.9313452765105165,0.8537129137369232,1.0,0.5388161813867967,0.046392934339154236,0.2330281182701026,0.6331249999999999,-0.012282828282828189,0.07980662336288366,0.73,0.49858415016977076,0.9138984018264841,0.8537129137369232,0.29234287417164334,0.04678188628077712,0.6189721174425263,0.2015625,0.024635416666666632,0.21198332207963438,0.5,1.0,0.5866536458333333,0.8537129137369232,0.7066731770833333,0.2735833810265668
0.14121084201849726,,-0.02294407894736842,0.046349260687542006,0.91109375,0.9491951345630598,0.8537129137369232,1.0,0.5477411104130683,0.042823538013030744,0.21770353047940172,0.7234375000000001,-0.009313762626262602,0.07145625323490594,0.73,0.3853097868780521,0.9218179223744294,0.8537129137369232,0.23174593225181137,0.03639333708752086,0.641085627502101,0.2828125,0.024172141335227344,0.21042183763934427,0.5,1.0,0.5943619791666667,0.8537129137369232,0.7028190104166667,0.2720912684320878
0.2101136954115028,0.85,-0.011350692813527559,0.04245035974008076,0.91109375,0.45146258422166097,0.8427370948379351,1.0,0.3043627446918629,0.035218000809165456,0.39922543079679385,0.39166666666666666,-0.025142045454545462,0.08065758455926347,0.73,1.0,0.8842893835616439,0.8427370948379351,0.5578553082191781,0.08350448419767577,0.39066087379170333,0.0,-0.003309450965700866,0.07892724268331636,0.5,0.13163014010471236,0.5821354166666667,0.8427370948379351,0.2747473617190228,0.09842064233777258
0.1356497005400412,,-0.011350692813527559,0.04110155470971902,0.91109375,0.5823386362659914,0.8427370948379351,1.0,0.3698007707140281,0.039241201932289825,0.19325029464364504,0.8677083333333333,-0.00288162878787876,0.0585544054011421,0.73,0.14783976679892416,0.8938855593607306,0.8427370948379351,0.12697710371909682,0.02146893470527037,0.6711000048163137,0.0,-0.019491567460316973,0.20334179473922515,0.5,1.0,0.5280104166666667,0.8427370948379351,0.7359947916666667,0.26364977519663324
0.06632172319384445,0.85,-0.004388632550335508,0.01825288489242684,0.91109375,0.13386856850730083,0.8430800891785285,1.0,0.14539423966438617,0.011133821163797509,0.18137138751775422,0.80625,0.0013753156565656278,0.049916541665620866,0.73,0.04195191465187578,0.9234232305936072,0.8430800891785285,0.05926434202913429,0.010607379250703547,0.7523068892884014,0.10374999999999998,-0.032783143939394285,0.20704786294267136,0.5,1.0,0.5015729166666667,0.8430800891785285,0.7492135416666666,0.2690410908497959
0.08549096590495012,0.90625,0.005711374223602551,0.024273719139928946,0.91109375,0.35426309943166934,0.8389641570914078,1.0,0.25764947117013076,0.017270382289122255,0.2008172236631436,0.7234375,0.002709911616161604,0.05701866663992378,0.73,0.16808943885342945,0.9329694634703197,0.8389641570914078,0.11755998769155486,0.02078906677937268,0.7136918104319062,0.3643229166666666,-0.01612184343434326,0.20264076298017833,0.5,1.0,0.492875,0.8389641570914078,0.7535625,0.2627723832148482
0.08953147811199641,,0.005711374223602551,0.028722337724724455,0.91109375,0.2245954437056771,0.8389641570914078,1.0,0.19281564330713463,0.013970054636015628,0.2868924349109799,0.79375,0.019007260101009955,0.09203714246595888,0.73,0.7474460346817952,0.927547089041096,0.8389641570914078,0.4099494728203496,0.06772210482522296,0.6235760869770237,0.26145833333333335,-0.025429608585858347,0.20004766306674404,0.5,1.0,0.5262604166666666,0.8389641570914078,0.7368697916666667,0.2569515219710093
0.07304324260944714,0.821875,0.003062019054598646,0.027044882133516572,0.91109375,0.06875918006909992,0.858857828845824,1.0,0.10495067561163798,0.007792677519194607,0.2890834584146222,0.765625,0.030611426767676645,0.10703561041745997,0.73,0.6873950056351404,0.9257491438356165,0.858857828845824,0.380822930899762,0.0782740683396385,0.6378732989759307,0.0,-0.044532512626262455,0.23617801689283463,0.5,1.0,0.4878854166666667,0.858857828845824,0.7560572916666667,0.3034466720823556
0.08392030950028015,,0.003062019054598646,0.03335320675152516,0.91109375,0.1000286291076085,0.858857828845824,1.0,0.12058540013089228,0.008953569200643519,0.3384113050148829,,0.030611426767676645,0.1344978622031554,0.73,1.0,0.9257491438356165,0.858857828845824,0.5371254280821918,0.11608173473742052,0.577668385484837,0.30625,-0.028195391414141416,0.22958796517345045,0.5,0.921074069109174,0.46153125,0.858857828845824,0.7297714095545871,0.2928967262811896
0.09958432742026209,0.834375,0.010429310960371372,0.029200778596326804,0.91109375,0.2877543490075442,0.8458240439032756,1.0,0.2209651525521343,0.007155827821305189,0.41042855530391675,0.90625,0.03624379960317452,0.12034858981837568,0.73,1.0,0.9676155821917809,0.8458240439032756,0.5161922089041096,0.1201669640009898,0.4899871172758211,0.30104166666666665,0.012753472222222131,0.14367728032385613,0.5,0.35188011085639825,0.3642395833333333,0.8458240439032756,0.4938202637615325,0.18082108302580277
