proba/MiniGrid-Unlock-v0,perf/MiniGrid-Unlock-v0,lp/MiniGrid-Unlock-v0,attention/MiniGrid-Unlock-v0,max_perf/MiniGrid-Unlock-v0,na_lp/MiniGrid-Unlock-v0,mr/MiniGrid-Unlock-v0,anc_mr/MiniGrid-Unlock-v0,learning_state/MiniGrid-Unlock-v0,pre_attention/MiniGrid-Unlock-v0,proba/MiniGrid-UnlockPickup-v0,perf/MiniGrid-UnlockPickup-v0,lp/MiniGrid-UnlockPickup-v0,attention/MiniGrid-UnlockPickup-v0,max_perf/MiniGrid-UnlockPickup-v0,na_lp/MiniGrid-UnlockPickup-v0,mr/MiniGrid-UnlockPickup-v0,anc_mr/MiniGrid-UnlockPickup-v0,learning_state/MiniGrid-UnlockPickup-v0,pre_attention/MiniGrid-UnlockPickup-v0,proba/MiniGrid-BlockedUnlockPickup-v0,perf/MiniGrid-BlockedUnlockPickup-v0,lp/MiniGrid-BlockedUnlockPickup-v0,attention/MiniGrid-BlockedUnlockPickup-v0,max_perf/MiniGrid-BlockedUnlockPickup-v0,na_lp/MiniGrid-BlockedUnlockPickup-v0,mr/MiniGrid-BlockedUnlockPickup-v0,anc_mr/MiniGrid-BlockedUnlockPickup-v0,learning_state/MiniGrid-BlockedUnlockPickup-v0,pre_attention/MiniGrid-BlockedUnlockPickup-v0
0.9499999537500035,0.0,0.0,0.38000001,0.5,0.0,0.0,1.0,0.5,0.5,0.050000021249998416,0.0,0.0,0.020000010000000006,0.5,0.0,0.0,0.0,0.5,0.0,2.499999812500014e-08,,0.0,1e-08,0.5,0.0,0.0,0.0,0.5,0.0
proba/MiniGrid-Unlock-v0,perf/MiniGrid-Unlock-v0,lp/MiniGrid-Unlock-v0,attention/MiniGrid-Unlock-v0,max_perf/MiniGrid-Unlock-v0,na_lp/MiniGrid-Unlock-v0,mr/MiniGrid-Unlock-v0,anc_mr/MiniGrid-Unlock-v0,learning_state/MiniGrid-Unlock-v0,pre_attention/MiniGrid-Unlock-v0,proba/MiniGrid-UnlockPickup-v0,perf/MiniGrid-UnlockPickup-v0,lp/MiniGrid-UnlockPickup-v0,attention/MiniGrid-UnlockPickup-v0,max_perf/MiniGrid-UnlockPickup-v0,na_lp/MiniGrid-UnlockPickup-v0,mr/MiniGrid-UnlockPickup-v0,anc_mr/MiniGrid-UnlockPickup-v0,learning_state/MiniGrid-UnlockPickup-v0,pre_attention/MiniGrid-UnlockPickup-v0,proba/MiniGrid-BlockedUnlockPickup-v0,perf/MiniGrid-BlockedUnlockPickup-v0,lp/MiniGrid-BlockedUnlockPickup-v0,attention/MiniGrid-BlockedUnlockPickup-v0,max_perf/MiniGrid-BlockedUnlockPickup-v0,na_lp/MiniGrid-BlockedUnlockPickup-v0,mr/MiniGrid-BlockedUnlockPickup-v0,anc_mr/MiniGrid-BlockedUnlockPickup-v0,learning_state/MiniGrid-BlockedUnlockPickup-v0,pre_attention/MiniGrid-BlockedUnlockPickup-v0
0.9499999537500035,,0.0,0.38000001,0.5,0.0,0.0,1.0,0.5,0.5,0.050000021249998416,,0.0,0.020000010000000006,0.5,0.0,0.0,0.0,0.5,0.0,2.499999812500014e-08,,0.0,1e-08,0.5,0.0,0.0,0.0,0.5,0.0
proba/MiniGrid-Unlock-v0,perf/MiniGrid-Unlock-v0,lp/MiniGrid-Unlock-v0,attention/MiniGrid-Unlock-v0,max_perf/MiniGrid-Unlock-v0,na_lp/MiniGrid-Unlock-v0,mr/MiniGrid-Unlock-v0,anc_mr/MiniGrid-Unlock-v0,learning_state/MiniGrid-Unlock-v0,pre_attention/MiniGrid-Unlock-v0,proba/MiniGrid-UnlockPickup-v0,perf/MiniGrid-UnlockPickup-v0,lp/MiniGrid-UnlockPickup-v0,attention/MiniGrid-UnlockPickup-v0,max_perf/MiniGrid-UnlockPickup-v0,na_lp/MiniGrid-UnlockPickup-v0,mr/MiniGrid-UnlockPickup-v0,anc_mr/MiniGrid-UnlockPickup-v0,learning_state/MiniGrid-UnlockPickup-v0,pre_attention/MiniGrid-UnlockPickup-v0,proba/MiniGrid-BlockedUnlockPickup-v0,perf/MiniGrid-BlockedUnlockPickup-v0,lp/MiniGrid-BlockedUnlockPickup-v0,attention/MiniGrid-BlockedUnlockPickup-v0,max_perf/MiniGrid-BlockedUnlockPickup-v0,na_lp/MiniGrid-BlockedUnlockPickup-v0,mr/MiniGrid-BlockedUnlockPickup-v0,anc_mr/MiniGrid-BlockedUnlockPickup-v0,learning_state/MiniGrid-BlockedUnlockPickup-v0,pre_attention/MiniGrid-BlockedUnlockPickup-v0
0.9499999767541008,0.010351562499999994,0.005175781249999994,0.7560664162500935,0.5,1.0,0.010351562499999994,1.0,0.99482421875,0.99482421875,0.050000010680834935,,0.0,0.03979297875047247,0.5,0.0,0.0,0.010351562499999994,0.5,6.151846012880637e-13,1.2565064312303543e-08,,0.0,1.0000024607384053e-08,0.5,0.0,0.0,0.0,0.5,0.0
proba/MiniGrid-Unlock-v0,perf/MiniGrid-Unlock-v0,lp/MiniGrid-Unlock-v0,attention/MiniGrid-Unlock-v0,max_perf/MiniGrid-Unlock-v0,na_lp/MiniGrid-Unlock-v0,mr/MiniGrid-Unlock-v0,anc_mr/MiniGrid-Unlock-v0,learning_state/MiniGrid-Unlock-v0,pre_attention/MiniGrid-Unlock-v0,proba/MiniGrid-UnlockPickup-v0,perf/MiniGrid-UnlockPickup-v0,lp/MiniGrid-UnlockPickup-v0,attention/MiniGrid-UnlockPickup-v0,max_perf/MiniGrid-UnlockPickup-v0,na_lp/MiniGrid-UnlockPickup-v0,mr/MiniGrid-UnlockPickup-v0,anc_mr/MiniGrid-UnlockPickup-v0,learning_state/MiniGrid-UnlockPickup-v0,pre_attention/MiniGrid-UnlockPickup-v0,proba/MiniGrid-BlockedUnlockPickup-v0,perf/MiniGrid-BlockedUnlockPickup-v0,lp/MiniGrid-BlockedUnlockPickup-v0,attention/MiniGrid-BlockedUnlockPickup-v0,max_perf/MiniGrid-BlockedUnlockPickup-v0,na_lp/MiniGrid-BlockedUnlockPickup-v0,mr/MiniGrid-BlockedUnlockPickup-v0,anc_mr/MiniGrid-BlockedUnlockPickup-v0,learning_state/MiniGrid-BlockedUnlockPickup-v0,pre_attention/MiniGrid-BlockedUnlockPickup-v0
0.9499999767541008,,0.005175781249999994,0.7560664162500935,0.5,1.0,0.010351562499999994,1.0,0.99482421875,0.99482421875,0.050000010680834935,,0.0,0.03979297875047247,0.5,0.0,0.0,0.010351562499999994,0.5,6.151846012880637e-13,1.2565064312303543e-08,,0.0,1.0000024607384053e-08,0.5,0.0,0.0,0.0,0.5,0.0
proba/MiniGrid-Unlock-v0,perf/MiniGrid-Unlock-v0,lp/MiniGrid-Unlock-v0,attention/MiniGrid-Unlock-v0,max_perf/MiniGrid-Unlock-v0,na_lp/MiniGrid-Unlock-v0,mr/MiniGrid-Unlock-v0,anc_mr/MiniGrid-Unlock-v0,learning_state/MiniGrid-Unlock-v0,pre_attention/MiniGrid-Unlock-v0,proba/MiniGrid-UnlockPickup-v0,perf/MiniGrid-UnlockPickup-v0,lp/MiniGrid-UnlockPickup-v0,attention/MiniGrid-UnlockPickup-v0,max_perf/MiniGrid-UnlockPickup-v0,na_lp/MiniGrid-UnlockPickup-v0,mr/MiniGrid-UnlockPickup-v0,anc_mr/MiniGrid-UnlockPickup-v0,learning_state/MiniGrid-UnlockPickup-v0,pre_attention/MiniGrid-UnlockPickup-v0,proba/MiniGrid-BlockedUnlockPickup-v0,perf/MiniGrid-BlockedUnlockPickup-v0,lp/MiniGrid-BlockedUnlockPickup-v0,attention/MiniGrid-BlockedUnlockPickup-v0,max_perf/MiniGrid-BlockedUnlockPickup-v0,na_lp/MiniGrid-BlockedUnlockPickup-v0,mr/MiniGrid-BlockedUnlockPickup-v0,anc_mr/MiniGrid-BlockedUnlockPickup-v0,learning_state/MiniGrid-BlockedUnlockPickup-v0,pre_attention/MiniGrid-BlockedUnlockPickup-v0
0.9499999767948798,0.0,6.606822455069554e-20,0.7573776141666749,0.5,1.0,0.006901041666666663,1.0,0.9965494791666667,0.9965494791666667,0.050000010661837097,0.0,0.0,0.03986198916670815,0.5,0.0,0.0,0.006901041666666663,0.5,5.400797597041986e-14,1.2543283089644084e-08,,0.0,1.0000002160319039e-08,0.5,0.0,0.0,0.0,0.5,0.0
proba/MiniGrid-Unlock-v0,perf/MiniGrid-Unlock-v0,lp/MiniGrid-Unlock-v0,attention/MiniGrid-Unlock-v0,max_perf/MiniGrid-Unlock-v0,na_lp/MiniGrid-Unlock-v0,mr/MiniGrid-Unlock-v0,anc_mr/MiniGrid-Unlock-v0,learning_state/MiniGrid-Unlock-v0,pre_attention/MiniGrid-Unlock-v0,proba/MiniGrid-UnlockPickup-v0,perf/MiniGrid-UnlockPickup-v0,lp/MiniGrid-UnlockPickup-v0,attention/MiniGrid-UnlockPickup-v0,max_perf/MiniGrid-UnlockPickup-v0,na_lp/MiniGrid-UnlockPickup-v0,mr/MiniGrid-UnlockPickup-v0,anc_mr/MiniGrid-UnlockPickup-v0,learning_state/MiniGrid-UnlockPickup-v0,pre_attention/MiniGrid-UnlockPickup-v0,proba/MiniGrid-BlockedUnlockPickup-v0,perf/MiniGrid-BlockedUnlockPickup-v0,lp/MiniGrid-BlockedUnlockPickup-v0,attention/MiniGrid-BlockedUnlockPickup-v0,max_perf/MiniGrid-BlockedUnlockPickup-v0,na_lp/MiniGrid-BlockedUnlockPickup-v0,mr/MiniGrid-BlockedUnlockPickup-v0,anc_mr/MiniGrid-BlockedUnlockPickup-v0,learning_state/MiniGrid-BlockedUnlockPickup-v0,pre_attention/MiniGrid-BlockedUnlockPickup-v0
0.9498805531868437,0.48125000000000007,0.07288466631355933,0.6666124746352021,0.5,1.0,0.24580078125000004,1.0,0.877099609375,0.877099609375,0.05011314727685137,,0.0,0.03516868411075807,0.5,0.0,0.0,0.24580078125000004,0.5,0.00011027309343497953,6.299536304920846e-06,,0.0,4.420923737399181e-06,0.5,0.0,0.0,0.0,0.5,0.0
proba/MiniGrid-Unlock-v0,perf/MiniGrid-Unlock-v0,lp/MiniGrid-Unlock-v0,attention/MiniGrid-Unlock-v0,max_perf/MiniGrid-Unlock-v0,na_lp/MiniGrid-Unlock-v0,mr/MiniGrid-Unlock-v0,anc_mr/MiniGrid-Unlock-v0,learning_state/MiniGrid-Unlock-v0,pre_attention/MiniGrid-Unlock-v0,proba/MiniGrid-UnlockPickup-v0,perf/MiniGrid-UnlockPickup-v0,lp/MiniGrid-UnlockPickup-v0,attention/MiniGrid-UnlockPickup-v0,max_perf/MiniGrid-UnlockPickup-v0,na_lp/MiniGrid-UnlockPickup-v0,mr/MiniGrid-UnlockPickup-v0,anc_mr/MiniGrid-UnlockPickup-v0,learning_state/MiniGrid-UnlockPickup-v0,pre_attention/MiniGrid-UnlockPickup-v0,proba/MiniGrid-BlockedUnlockPickup-v0,perf/MiniGrid-BlockedUnlockPickup-v0,lp/MiniGrid-BlockedUnlockPickup-v0,attention/MiniGrid-BlockedUnlockPickup-v0,max_perf/MiniGrid-BlockedUnlockPickup-v0,na_lp/MiniGrid-BlockedUnlockPickup-v0,mr/MiniGrid-BlockedUnlockPickup-v0,anc_mr/MiniGrid-BlockedUnlockPickup-v0,learning_state/MiniGrid-BlockedUnlockPickup-v0,pre_attention/MiniGrid-BlockedUnlockPickup-v0
0.9499695189708725,0.0,0.032564991918103456,0.6852809664293305,0.5,1.0,0.19664062500000004,1.0,0.9016796874999999,0.9016796874999999,0.050028864251722274,0.0,0.0,0.03608939840609056,0.5,0.0,0.0,0.19664062500000004,0.5,2.8907429805419275e-05,1.6167774050988505e-06,,0.0,1.1662971922167711e-06,0.5,0.0,0.0,0.0,0.5,0.0
proba/MiniGrid-Unlock-v0,perf/MiniGrid-Unlock-v0,lp/MiniGrid-Unlock-v0,attention/MiniGrid-Unlock-v0,max_perf/MiniGrid-Unlock-v0,na_lp/MiniGrid-Unlock-v0,mr/MiniGrid-Unlock-v0,anc_mr/MiniGrid-Unlock-v0,learning_state/MiniGrid-Unlock-v0,pre_attention/MiniGrid-Unlock-v0,proba/MiniGrid-UnlockPickup-v0,perf/MiniGrid-UnlockPickup-v0,lp/MiniGrid-UnlockPickup-v0,attention/MiniGrid-UnlockPickup-v0,max_perf/MiniGrid-UnlockPickup-v0,na_lp/MiniGrid-UnlockPickup-v0,mr/MiniGrid-UnlockPickup-v0,anc_mr/MiniGrid-UnlockPickup-v0,learning_state/MiniGrid-UnlockPickup-v0,pre_attention/MiniGrid-UnlockPickup-v0,proba/MiniGrid-BlockedUnlockPickup-v0,perf/MiniGrid-BlockedUnlockPickup-v0,lp/MiniGrid-BlockedUnlockPickup-v0,attention/MiniGrid-BlockedUnlockPickup-v0,max_perf/MiniGrid-BlockedUnlockPickup-v0,na_lp/MiniGrid-BlockedUnlockPickup-v0,mr/MiniGrid-BlockedUnlockPickup-v0,anc_mr/MiniGrid-BlockedUnlockPickup-v0,learning_state/MiniGrid-BlockedUnlockPickup-v0,pre_attention/MiniGrid-BlockedUnlockPickup-v0
0.9467075791936055,0.76875,0.08137637867647059,0.6007733440311485,0.5,1.0,0.42011718750000004,1.0,0.78994140625,0.78994140625,0.053119121276992115,,0.0,0.03370898556527605,0.5,0.0,0.0,0.42011718750000004,0.5,0.002749113691765688,0.00017329952940251214,,0.0,0.00010997454767062753,0.5,0.0,0.0,0.0,0.5,0.0
proba/MiniGrid-Unlock-v0,perf/MiniGrid-Unlock-v0,lp/MiniGrid-Unlock-v0,attention/MiniGrid-Unlock-v0,max_perf/MiniGrid-Unlock-v0,na_lp/MiniGrid-Unlock-v0,mr/MiniGrid-Unlock-v0,anc_mr/MiniGrid-Unlock-v0,learning_state/MiniGrid-Unlock-v0,pre_attention/MiniGrid-Unlock-v0,proba/MiniGrid-UnlockPickup-v0,perf/MiniGrid-UnlockPickup-v0,lp/MiniGrid-UnlockPickup-v0,attention/MiniGrid-UnlockPickup-v0,max_perf/MiniGrid-UnlockPickup-v0,na_lp/MiniGrid-UnlockPickup-v0,mr/MiniGrid-UnlockPickup-v0,anc_mr/MiniGrid-UnlockPickup-v0,learning_state/MiniGrid-UnlockPickup-v0,pre_attention/MiniGrid-UnlockPickup-v0,proba/MiniGrid-BlockedUnlockPickup-v0,perf/MiniGrid-BlockedUnlockPickup-v0,lp/MiniGrid-BlockedUnlockPickup-v0,attention/MiniGrid-BlockedUnlockPickup-v0,max_perf/MiniGrid-BlockedUnlockPickup-v0,na_lp/MiniGrid-BlockedUnlockPickup-v0,mr/MiniGrid-BlockedUnlockPickup-v0,anc_mr/MiniGrid-BlockedUnlockPickup-v0,learning_state/MiniGrid-BlockedUnlockPickup-v0,pre_attention/MiniGrid-BlockedUnlockPickup-v0
0.948738853282037,0.0,0.04289273016467065,0.6233275529646215,0.5,1.0,0.3601004464285715,1.0,0.8199497767857142,0.8199497767857142,0.05119475683636279,0.0,0.0,0.03363528582500505,0.5,0.0,0.0,0.3601004464285715,0.5,0.0010902145228860421,6.638988160026784e-05,,0.0,4.3618580915441694e-05,0.5,0.0,0.0,0.0,0.5,0.0
proba/MiniGrid-Unlock-v0,perf/MiniGrid-Unlock-v0,lp/MiniGrid-Unlock-v0,attention/MiniGrid-Unlock-v0,max_perf/MiniGrid-Unlock-v0,na_lp/MiniGrid-Unlock-v0,mr/MiniGrid-Unlock-v0,anc_mr/MiniGrid-Unlock-v0,learning_state/MiniGrid-Unlock-v0,pre_attention/MiniGrid-Unlock-v0,proba/MiniGrid-UnlockPickup-v0,perf/MiniGrid-UnlockPickup-v0,lp/MiniGrid-UnlockPickup-v0,attention/MiniGrid-UnlockPickup-v0,max_perf/MiniGrid-UnlockPickup-v0,na_lp/MiniGrid-UnlockPickup-v0,mr/MiniGrid-UnlockPickup-v0,anc_mr/MiniGrid-UnlockPickup-v0,learning_state/MiniGrid-UnlockPickup-v0,pre_attention/MiniGrid-UnlockPickup-v0,proba/MiniGrid-BlockedUnlockPickup-v0,perf/MiniGrid-BlockedUnlockPickup-v0,lp/MiniGrid-BlockedUnlockPickup-v0,attention/MiniGrid-BlockedUnlockPickup-v0,max_perf/MiniGrid-BlockedUnlockPickup-v0,na_lp/MiniGrid-BlockedUnlockPickup-v0,mr/MiniGrid-BlockedUnlockPickup-v0,anc_mr/MiniGrid-BlockedUnlockPickup-v0,learning_state/MiniGrid-BlockedUnlockPickup-v0,pre_attention/MiniGrid-BlockedUnlockPickup-v0
0.9494486141127819,0.0,0.02079231394508671,0.64034098260497,0.5,1.0,0.31508789062500003,1.0,0.8424560546875,0.8424560546875,0.0505223521938341,,0.0,0.034074021665243225,0.5,0.0,0.0,0.31508789062500003,0.5,0.000489283174144821,2.9033693383998884e-05,,0.0,1.9581326965792844e-05,0.5,0.0,0.0,0.0,0.5,0.0
0.9497334445473047,0.0,0.00774663880813953,0.6536070075178237,0.5,1.0,0.280078125,1.0,0.8599609375,0.8599609375,0.0502525131025197,,0.0,0.03458380337953041,0.5,0.0,0.0,0.280078125,0.5,0.00024134880147188477,1.404235017563739e-05,,0.0,9.663952058875391e-06,0.5,0.0,0.0,0.0,0.5,0.0
0.9497812773184731,0.09577205882352942,0.004065674909076543,0.6569648692285873,0.5,1.0,0.2712247242647059,1.0,0.864387637867647,0.864387637867647,0.05020719791200326,,0.0,0.0347283801000143,0.5,0.0,0.0,0.2712247242647059,0.5,0.0001990424287870047,1.1524769523550384e-05,,0.0,7.971697151480188e-06,0.5,0.0,0.0,0.0,0.5,0.0
0.9494532031422245,0.21718749999999998,-0.0018891398889101217,0.6405021350271267,0.5,1.0,0.31466222426470586,1.0,0.842668887867647,0.842668887867647,0.05051800469555971,,0.0,0.03407949939789657,0.5,0.0,0.0,0.31466222426470586,0.5,0.0004853305770712017,2.879216221593868e-05,,0.0,1.9423223082848073e-05,0.5,0.0,0.0,0.0,0.5,0.0
0.9494537516736052,0.010096153846153845,-0.0217270413410119,0.6405214742595545,0.5,1.0,0.3146111425339367,1.0,0.8426944287330317,0.8426944287330317,0.0505174850346478,,0.0,0.03408015812591278,0.5,0.0,0.0,0.3146111425339367,0.5,0.0004848580424368581,2.876329174700378e-05,,0.0,1.9404321697474326e-05,0.5,0.0,0.0,0.0,0.5,0.0
0.9490587060085429,0.14453125,-0.032910860585492925,0.6295882845999414,0.5,1.0,0.34351739253393665,1.0,0.8282413037330316,0.8282413037330316,0.0508917385959161,,0.0,0.033760653793131146,0.5,0.0,0.0,0.34351739253393665,0.5,0.0008216037028774419,4.955539554086976e-05,,0.0,3.287414811509768e-05,0.5,0.0,0.0,0.0,0.5,0.0
0.9498761107688859,0.0,-0.021646763163307308,0.6660557714318076,0.5,1.0,0.24726739253393665,1.0,0.8763663037330317,0.8763663037330317,0.050117355872647644,,0.0,0.0351424293646655,0.5,0.0,0.0,0.24726739253393665,0.5,0.00011428022831279843,6.533358466446179e-06,,0.0,4.581209132511937e-06,0.5,0.0,0.0,0.0,0.5,0.0
0.9496734638886573,0.2109375,-0.025126983922939796,0.6500518499557733,0.5,1.0,0.28945489253393664,1.0,0.8552725537330317,0.8552725537330317,0.05030933681349804,,0.0,0.0344367603278602,0.5,0.0,0.0,0.28945489253393664,0.5,0.0002940731491392315,1.7199297844606616e-05,,0.0,1.177292596556926e-05,0.5,0.0,0.0,0.0,0.5,0.0
0.9499967926053073,0.0,0.008580295317427673,0.7084326255014651,0.5,1.0,0.13570489253393664,1.0,0.9321475537330317,0.9321475537330317,0.05000302648030082,,0.0,0.037288310453460885,0.5,0.0,0.0,0.13570489253393664,0.5,3.1227918484539784e-06,1.8091439173279458e-07,,0.0,1.3491167393815915e-07,0.5,0.0,0.0,0.0,0.5,0.0
0.9499857120137818,0.18973214285714285,0.010704782350002941,0.6940145919052378,0.5,1.0,0.1736513211053652,1.0,0.9131743394473174,0.9131743394473174,0.05001352363148133,,0.0,0.03653751288455371,0.5,0.0,0.0,0.1736513211053652,0.5,1.3710034714868937e-05,7.643547368037286e-07,,0.0,5.584013885947575e-07,0.5,0.0,0.0,0.0,0.5,0.0
0.9499440416709571,0.2177083333333333,0.012055459858768693,0.6774746525429877,0.5,1.0,0.21719298777203191,1.0,0.891403506113984,0.891403506113984,0.05005300049727552,,0.0,0.03569645961564059,0.5,0.0,0.0,0.21719298777203191,0.5,5.248616026200852e-05,2.957831767341048e-06,,0.0,2.1094464104803406e-06,0.5,0.0,0.0,0.0,0.5,0.0
0.9499198519125758,0.065625,0.002471793933190987,0.6724905190259006,0.5,1.0,0.2303179877720319,1.0,0.884841006113984,0.884841006113984,0.050075917017000184,,0.0,0.03545096921351598,0.5,0.0,0.0,0.2303179877720319,0.5,7.463407416225863e-05,4.231070424121971e-06,,0.0,2.995362966490345e-06,0.5,0.0,0.0,0.0,0.5,0.0
0.9498206171128006,0.25729166666666664,0.008932022838272819,0.6602286188733343,0.5,1.0,0.2626219093406593,1.0,0.8686890453296703,0.8686890453296703,0.05016992869713709,,0.0,0.034873556265151824,0.5,0.0,0.0,0.2626219093406593,0.5,0.00016404225516276617,9.454190062335986e-06,,0.0,6.571690206510647e-06,0.5,0.0,0.0,0.0,0.5,0.0
0.9499408273814435,0.0,0.00749471015096016,0.6767183614225064,0.5,1.0,0.21918440934065933,1.0,0.8904077953296703,0.8904077953296703,0.050056045599554934,0.0,0.0,0.035658900197811184,0.5,0.0,0.0,0.21918440934065933,0.5,5.5440604979638405e-05,3.1270190015548405e-06,,0.0,2.227624199185536e-06,0.5,0.0,0.0,0.0,0.5,0.0
0.9499132182939692,0.08080357142857143,-0.0007086489898989976,0.6713484335584885,0.5,1.0,0.23332589285714284,1.0,0.8833370535714286,0.8833370535714286,0.05008220147618439,,0.0,0.03539545177672413,0.5,0.0,0.0,0.23332589285714284,0.5,8.067660659763871e-05,4.580229846448323e-06,,0.0,3.2370642639055485e-06,0.5,0.0,0.0,0.0,0.5,0.0
0.9499613701540081,0.0,-0.005214195526695549,0.6823260913245319,0.5,1.0,0.20441964285714284,1.0,0.8977901785714286,0.8977901785714286,0.050036584129409034,,0.0,0.03593963706831129,0.5,0.0,0.0,0.20441964285714284,0.5,3.648427793508349e-05,2.0457165828784083e-06,,0.0,1.4693711174033395e-06,0.5,0.0,0.0,0.0,0.5,0.0
0.94988834759467,0.19346590909090908,-0.007050578840351532,0.6676328279913941,0.5,1.0,0.24311282467532463,1.0,0.8784435876623377,0.8784435876623377,0.050105763120567685,,0.0,0.035217036208055504,0.5,0.0,0.0,0.24311282467532463,0.5,0.00010323268432551671,5.889284762365999e-06,,0.0,4.139307373020668e-06,0.5,0.0,0.0,0.0,0.5,0.0
0.9497973633785458,0.33476562499999996,0.010537753755083307,0.6582342819134335,0.5,1.0,0.26787844967532465,1.0,0.8660607751623377,0.8660607751623377,0.05019195851161671,0.0,0.0,0.03478433299835915,0.5,0.0,0.0,0.26787844967532465,0.5,0.00018475519774171532,1.0678109837464643e-05,,0.0,7.400207909668614e-06,0.5,0.0,0.0,0.0,0.5,0.0
0.9495778831388559,0.169375,0.0035413325626394024,0.645391074698842,0.5,1.0,0.30175344967532464,1.0,0.8491232751623377,0.8491232751623377,0.05039988690362751,0.0,0.0,0.034254838650950095,0.5,0.0,0.0,0.30175344967532464,0.5,0.0003774708912195137,2.2229957516466503e-05,,0.0,1.510883564878055e-05,0.5,0.0,0.0,0.0,0.5,0.0
0.9496466543025495,0.146875,0.005913417863701917,0.6486391075682211,0.5,1.0,0.29318202110389613,1.0,0.8534089894480519,0.8534089894480519,0.050334735340410504,,0.0,0.03438023781052015,0.5,0.0,0.0,0.29318202110389613,0.5,0.00031753676119540867,1.8610357040127904e-05,,0.0,1.2711470447816348e-05,0.5,0.0,0.0,0.0,0.5,0.0
0.9497422970357903,0.14453125,0.010542222140233514,0.6541877980620324,0.5,1.0,0.27854660443722945,1.0,0.8607266977813852,0.8607266977813852,0.05024412654600299,0.0,0.0,0.03460843495468873,0.5,0.0,0.0,0.27854660443722945,0.5,0.0002335378169704684,1.357641820689912e-05,,0.0,9.351512678818736e-06,0.5,0.0,0.0,0.0,0.5,0.0
0.9496570873457529,0.13169642857142858,0.005219051308539918,0.6491777504947256,0.5,1.0,0.29176089015151513,1.0,0.8541195549242424,0.8541195549242424,0.05032485141556386,,0.0,0.034401653261228786,0.5,0.0,0.0,0.29176089015151513,0.5,0.0003084128440873451,1.8061238683208752e-05,,0.0,1.2346513763493804e-05,0.5,0.0,0.0,0.0,0.5,0.0
0.9498372526215739,0.09097222222222222,0.009651472107438015,0.6617938244864044,0.5,1.0,0.25849700126262626,1.0,0.8707514993686869,0.8707514993686869,0.05015416877194202,,0.0,0.03494463822503292,0.5,0.0,0.0,0.25849700126262626,0.5,0.0001491774092258358,8.578606484010385e-06,,0.0,5.977096369033432e-06,0.5,0.0,0.0,0.0,0.5,0.0
0.9492733514957853,0.3548295454545455,0.01333932602540557,0.634901301046578,0.5,1.0,0.3294629103535354,1.0,0.8352685448232323,0.8352685448232323,0.050688390350392666,0.0,0.0,0.03390185232811099,0.5,0.0,0.0,0.3294629103535354,0.5,0.0006394538218511615,3.825815382216488e-05,,0.0,2.558815287404646e-05,0.5,0.0,0.0,0.0,0.5,0.0
0.9478045076571708,0.401875,0.020679236220429397,0.6106855899542049,0.5,1.0,0.3936771960678211,1.0,0.8031614019660894,0.8031614019660894,0.052079926105114485,,0.0,0.03355592861326334,0.5,0.0,0.0,0.3936771960678211,0.5,0.0018612793419528187,0.00011556623771464972,,0.0,7.446117367811275e-05,0.5,0.0,0.0,0.0,0.5,0.0
0.9421960023128217,0.4432692307692308,0.020998333894640727,0.5776711543186124,0.5,1.0,0.4823310422216672,1.0,0.7588344788891663,0.7588344788891663,0.05739324624465521,,0.0,0.03518845625205128,0.5,0.0,0.0,0.4823310422216672,0.5,0.006295660281881021,0.0004107514425230744,,0.0,0.0002518364112752408,0.5,0.0,0.0,0.0,0.5,0.0
0.9315729463825717,0.5488839285714285,0.03460300016692057,0.5518857649304963,0.5,1.0,0.5534146461177711,1.0,0.7232926769411144,0.7232926769411144,0.06745719345394122,,0.0,0.0399632309567994,0.5,0.0,0.0,0.5534146461177711,0.5,0.014363950363482838,0.0009698601634868793,,0.0,0.0005745680145393136,0.5,0.0,0.0,0.0,0.5,0.0
0.9231774386516576,0.5069711538461538,0.05103339894533082,0.5397512732372409,0.5,1.0,0.5878557518870019,1.0,0.7060721240564991,0.7060721240564991,0.07541083215477565,,0.0,0.044090215994520766,0.5,0.0,0.0,0.5878557518870019,0.5,0.020634532594089584,0.0014117291935667141,,0.0,0.0008253913037635835,0.5,0.0,0.0,0.0,0.5,0.0
0.9060964265370849,0.4142045454545454,0.049290419492124045,0.5230767585663327,0.5,1.0,0.6368216609779109,1.0,0.6815891695110445,0.6815891695110445,0.0915928434343512,0.0,0.0,0.05287526387739613,0.5,0.0,0.0,0.6368216609779109,0.5,0.033348550907492634,0.002310730028563779,,0.0,0.0013339520362997054,0.5,0.0,0.0,0.0,0.5,0.0
0.8666423818904316,0.5060096153846153,0.048087358453835605,0.5003385125175329,0.5,1.0,0.708648584054834,1.0,0.645675707972583,0.645675707972583,0.12897035941657942,,0.0,0.07445843768750883,0.5,0.0,0.0,0.708648584054834,0.5,0.06332213459453843,0.004387258692988958,,0.0,0.0025328953837815377,0.5,0.0,0.0,0.0,0.5,0.0
0.7776021366844228,0.6375,0.049547103359603294,0.4742778211904067,0.5,1.0,0.807242334054834,1.0,0.596378832972583,0.596378832972583,0.21332427676303106,0.0,0.0,0.13011149071887118,0.5,0.0,0.0,0.807242334054834,0.5,0.13835459296870817,0.009073586552546253,,0.0,0.005534193718748327,0.5,0.0,0.0,0.0,0.5,0.0
0.6520911640883654,0.6218750000000001,0.043323541988314715,0.45782605307651864,0.5,1.0,0.9052780483405483,1.0,0.5473609758297259,0.5473609758297259,0.3322294106388635,0.0,0.0,0.23325462475997788,0.5,0.0,0.0,0.9052780483405483,0.5,0.2752085621442563,0.01567942527277103,,0.0,0.011008352485770255,0.5,0.0,0.0,0.0,0.5,0.0
0.5074539449302873,0.6109375,0.027846884176429616,0.44829498354112557,0.5046355519480519,1.0,1.0,1.0,0.5,0.4869791666666667,0.4692541470895431,0.13020833333333334,0.001527904869558977,0.4145485166639328,0.5,0.05486807284716753,0.026041666666666668,1.0,0.5144132030902504,0.5144132030902504,0.023291907980169578,,0.0,0.02057653824337887,0.5,0.0,0.0,0.026041666666666668,0.5,1.5594902293774494e-10
0.48946007340431535,0.42499999999999993,0.013516059697877893,0.4558959700688761,0.5116525974025974,1.0,1.0,1.0,0.5,0.4869791666666667,0.4863009732789102,0.0,0.0020933815648445887,0.4529535012251986,0.5,0.1548810534754639,0.026041666666666668,1.0,0.5644196934043987,0.5644196934043987,0.02423895331677454,,0.0,0.0225767978559448,0.5,0.0,0.0,0.026041666666666668,0.5,1.5594902293774494e-10
0.4997715848924843,0.75,0.0191983206187752,0.45144216717317354,0.5464650974025973,1.0,1.0,1.0,0.5,0.4869791666666667,0.47653217261615316,0.0,0.0018483832807570963,0.4304500760679644,0.5,0.09627838379516646,0.026041666666666668,1.0,0.5351183585642499,0.5351183585642499,0.023696242491362474,,0.0,0.021404744462338855,0.5,0.0,0.0,0.026041666666666668,0.5,1.5594902293774494e-10
0.5060118875628719,0.741875,0.02297731813640908,0.4488751388030748,0.5763256743256744,1.0,1.0,1.0,0.5,0.4869791666666667,0.470620306743509,0.0,0.0014361213235294108,0.41747982746114937,0.5,0.06250169471491895,0.026041666666666668,1.0,0.5182300140241262,0.5182300140241262,0.023367805693619213,,0.0,0.0207292106807339,0.5,0.0,0.0,0.026041666666666668,0.5,1.5594902293774494e-10
0.5128506972553364,0.8455357142857143,0.035832052417279756,0.44616569470598905,0.6059908528971027,1.0,1.0,1.0,0.5,0.4869791666666667,0.4641414342006361,0.0,0.0009621305418719202,0.4037900046548218,0.5,0.02685111449010773,0.026041666666666668,1.0,0.5004047239117205,0.5004047239117205,0.02300786854402752,,0.0,0.020016199076237674,0.5,0.0,0.0,0.026041666666666668,0.5,1.5594902293774494e-10
0.5176276105938484,0.6224999999999999,0.03013123808010173,0.4443343308364298,0.6175437375124874,1.0,1.0,1.0,0.5,0.4869791666666667,0.45961593721207816,0.0,8.298810282558412e-05,0.39453679773494355,0.5,0.002754221469591333,0.026041666666666668,1.0,0.48835627740146237,0.48835627740146237,0.02275645219407337,,0.0,0.01953426121582735,0.5,0.0,0.0,0.026041666666666668,0.5,1.5594902293774494e-10
0.5036739959121573,0.7958333333333334,0.026300178987678984,0.44982599282912056,0.6557066163003663,1.0,1.0,1.0,0.5,0.4869791666666667,0.4728351515345135,0.0,-0.0019728535353535485,0.4222841425401179,0.5,0.07501293189973285,0.026041666666666668,1.0,0.5244856326165331,0.5244856326165331,0.023490852553329257,,0.0,0.02097943542443018,0.5,0.0,0.0,0.026041666666666668,0.5,1.5594902293774494e-10
0.491224231925888,0.8567708333333334,0.0272875180375181,0.4551144205096258,0.690782738095238,1.0,1.0,1.0,0.5,0.4869791666666667,0.4846296651535669,0.0,-0.003945707070707086,0.449004619241618,0.5,0.14459750664322282,0.026041666666666668,1.0,0.5592779199882781,0.5592779199882781,0.02414610292054515,0.0,0.0,0.022371126919299978,0.5,0.0,0.0,0.026041666666666668,0.5,1.5594902293774494e-10
0.4816528555738192,0.757638888888889,0.027382034632034643,0.4594570785659308,0.7027966269841269,1.0,1.0,1.0,0.5,0.4869791666666667,0.4936972851391398,0.0,-0.005523989898989899,0.4709464704734749,0.5,0.20173774422618335,0.026041666666666668,1.0,0.5878480387797583,0.5878480387797583,0.02464985928704105,,0.0,0.02351393167095919,0.5,0.0,0.0,0.026041666666666668,0.5,1.5594902293774494e-10
0.40675796915965695,0.4171875,0.006408579846079843,0.4703758070776671,0.7027966269841269,0.9023280423280439,0.9708752870829268,1.0,0.46572637762255853,0.45359808653863776,0.5646503371037579,0.0,-0.007102272727272711,0.6529628874403364,0.5,1.0,0.026041666666666668,0.9708752870829268,0.9869791666666667,0.8265871796286941,0.028591693736585058,,0.0,0.03306349730491662,0.5,0.0,0.0,0.026041666666666668,0.5,1.5594902293774494e-10
0.5711664040019455,0.55,-0.0055686628186628374,0.4546762667527591,0.7027966269841269,1.0,0.9622045710236456,1.0,0.5188977144881772,0.5188977144881772,0.40889497434346816,0.0,0.0,0.3255003080114986,0.5,0.0,0.0,0.9622045710236456,0.5,0.39680259040621296,0.019938621654586222,,0.0,0.01587211361624852,0.5,0.0,0.0,0.0,0.5,0.0
0.5181818118801655,0.7120535714285714,-0.02036381673881681,0.45600000999999996,0.704939484126984,1.0,1.0,1.0,0.5,0.5,0.4590909048037192,0.0,0.0,0.40400001,0.5,0.0,0.0,1.0,0.5,0.5,0.02272728331611535,0.0,0.0,0.020000010000000006,0.5,0.0,0.0,0.0,0.5,0.0
0.5181818118801655,0.7541666666666668,-0.014674663299663339,0.45600000999999996,0.7053561507936508,1.0,1.0,1.0,0.5,0.5,0.4590909048037192,0.0,0.0,0.40400001,0.5,0.0,0.0,1.0,0.5,0.5,0.02272728331611535,,0.0,0.020000010000000006,0.5,0.0,0.0,0.0,0.5,0.0
0.5181818118801655,0.7869791666666667,-0.007787908850408862,0.45600000999999996,0.7098665674603175,1.0,1.0,1.0,0.5,0.5,0.4590909048037192,0.0,0.0,0.40400001,0.5,0.0,0.0,1.0,0.5,0.5,0.02272728331611535,,0.0,0.020000010000000006,0.5,0.0,0.0,0.0,0.5,0.0
0.5867773571250958,0.4994791666666667,-0.01021897546897537,0.4548344903032327,0.7098665674603175,1.0,0.9512504795292543,1.0,0.5243747602353728,0.5243747602353728,0.39410565002620346,0.0,0.0,0.30548697947981196,0.5,0.0,0.0,0.9512504795292543,0.5,0.37045830608124614,0.01911699284870066,,0.0,0.014818342243249847,0.5,0.0,0.0,0.0,0.5,0.0
0.5219372551684504,0.6070312499999999,-0.01745798761423765,0.4654697377992493,0.7098665674603175,1.0,0.9490713728197578,1.0,0.5254643135901211,0.5119992905543743,0.45553311644658717,0.12812500000000002,0.0069886363636363835,0.40624975161590043,0.5,0.40031168070808376,0.025625000000000002,0.9490713728197578,0.6873433403540419,0.5023043879843505,0.02252962838496254,0.0,0.0,0.02009218562809528,0.5,0.0,0.0,0.025625000000000002,0.5,1.415641379654408e-10
0.5340530608097215,0.6538194444444444,-0.010401860870610957,0.4696904670173175,0.7098665674603175,1.0,0.9290656569009237,1.0,0.5354671715495382,0.5217458252785813,0.44405498464294446,0.0,0.0054356060606060635,0.39053870939731106,0.5,0.5225609271475289,0.025625000000000002,0.9290656569009237,0.7484679635737644,0.48133966974534315,0.02189195454733395,,0.0,0.019253596898534987,0.5,0.0,0.0,0.025625000000000002,0.5,1.415641379654408e-10
0.514694270270223,0.6796875,0.0038491311928811446,0.48453334607103843,0.7098665674603175,0.9913859852884092,0.9041196541659474,1.0,0.5436331655612309,0.5297025656937243,0.4623948921525106,0.0,0.0038825757575757683,0.4352986952490946,0.5,1.0,0.025625000000000002,0.9041196541659474,0.9871875,0.5392064877598977,0.02291083757726631,,0.0,0.021568269619117165,0.5,0.0,0.0,0.025625000000000002,0.5,1.415641379654408e-10
0.640163799244065,0.6667613636363637,0.012932729623070544,0.45449854686418606,0.7098665674603175,1.0,0.8913175967909034,1.0,0.5543412016045484,0.5401362083134318,0.3435290194375165,0.0,0.002329545454545437,0.2438960783543205,0.5,0.18012790203158568,0.025625000000000002,0.8913175967909034,0.5772514510157929,0.2894409114583841,0.01630718131841842,,0.0,0.011577646567056623,0.5,0.0,0.0,0.025625000000000002,0.5,1.415641379654408e-10
0.5723034319090998,0.8375,0.00973413108356296,0.4476688345032016,0.7098665674603175,1.0,0.9505276679883327,1.0,0.5247361660058336,0.5112898017519342,0.40781778967929405,0.0,0.0007765151515151502,0.319004402937774,0.5,0.07977241572453987,0.025625000000000002,0.9505276679883327,0.5270737078622699,0.3887406261015005,0.019878778411606096,,0.0,0.01554963515278128,0.5,0.0,0.0,0.025625000000000002,0.5,1.415641379654408e-10
0.3591358366059821,0.6578124999999999,0.0004938658773885854,0.3698956624056617,0.7098665674603175,0.6360028860028667,0.9657153814181564,1.0,0.33514375229235516,0.32655569363986353,0.6097660406681877,0.0,-0.0007765151515151448,0.6280348284287037,0.5,1.0,0.025625000000000002,0.9657153814181564,0.9871875,0.8007455607569857,0.03109812272583019,0.0,0.0,0.032029832539000685,0.5,0.0,0.0,0.025625000000000002,0.5,1.415641379654408e-10
0.46742568209334917,0.59375,-0.0027439642638506048,0.4903824889017432,0.7098665674603175,1.0,0.9490497745489916,1.0,0.5254751127255042,0.5120098129619132,0.5071756608945929,0.0,-0.0023295454545454635,0.5320847194061693,0.5,0.8489707702229374,0.025625000000000002,0.9490497745489916,0.9116728851114687,0.6661514542525371,0.02539865701205792,0.0,0.0,0.02664606827882274,0.5,0.0,0.0,0.025625000000000002,0.5,1.415641379654408e-10
0.4898284681247108,0.72890625,0.005631887052341461,0.48077903366987124,0.7098665674603175,1.0,0.9454913006294433,1.0,0.5272543496852784,0.5137434569745931,0.4859519682657172,0.0,-0.003882575757575709,0.47697415098642165,0.5,0.6893916233567797,0.025625000000000002,0.9454913006294433,0.8318833116783899,0.5943026076636637,0.02421956360957196,,0.0,0.023772114415267807,0.5,0.0,0.0,0.025625000000000002,0.5,1.415641379654408e-10
0.5500237533437335,0.6825,0.013970175237220722,0.4632728380961487,0.7098665674603175,1.0,0.9307731590158073,1.0,0.5346134204920964,0.5209139515919864,0.428924854415403,0.0,-0.005435606060606036,0.3612739148573083,0.5,0.3890864622888879,0.025625000000000002,0.9307731590158073,0.6817307311444439,0.4432777952758914,0.021051392240863432,,0.0,0.017731121919756915,0.5,0.0,0.0,0.025625000000000002,0.5,1.415641379654408e-10
0.4437221728503984,0.7515624999999999,0.008175256351392712,0.49591089816388373,0.7098665674603175,1.0,0.9662845276150089,1.0,0.5168577361924955,0.5036132567025629,0.5296316175528187,0.0,-0.006988636363636354,0.5919246484109366,0.5,0.8548522594579913,0.025625000000000002,0.9662845276150089,0.9146136297289956,0.7445053491160024,0.02664620959678277,,0.0,0.029780224073361353,0.5,0.0,0.0,0.025625000000000002,0.5,1.415641379654408e-10
0.5759169690663537,0.5543750000000001,-0.004260761019283736,0.454700124815213,0.7098665674603175,1.0,0.9588667603311677,1.0,0.5205666198344161,0.5205666198344161,0.404394438925583,0.0,0.0,0.31927901369555806,0.5,0.0,0.0,0.9588667603311677,0.5,0.38861502461221537,0.0196885920080634,,0.0,0.015544610984488616,0.5,0.0,0.0,0.0,0.5,0.0
0.5540407630130679,0.76328125,-0.0015444214876032948,0.4547741914323591,0.7098665674603175,1.0,0.9742868139825427,1.0,0.5128565930087287,0.5128565930087287,0.4251192661489651,0.0,0.0,0.3489513469619083,0.5,0.0,0.0,0.9742868139825427,0.5,0.42765243911661355,0.020839970837966935,0.0,0.0,0.017106107564664543,0.5,0.0,0.0,0.0,0.5,0.0
0.5315923013257428,0.7933593750000001,0.0032102703168044307,0.45536869249130435,0.7098665674603175,1.0,0.990299946620509,1.0,0.5048500266897455,0.5048500266897455,0.4463862303120766,0.0,0.0,0.38238009379818877,0.5,0.0,0.0,0.990299946620509,0.5,0.4715964618888008,0.02202146836218067,,0.0,0.018863868475552034,0.5,0.0,0.0,0.0,0.5,0.0
0.3357510396670925,0.77875,0.004928503787878789,0.4100749806240683,0.7141796875,0.7023616734143064,1.0,1.0,0.3511808367071532,0.34214524642937544,0.6319200602077175,0.12864583333333332,0.007017045454545442,0.7718058198794551,0.5,1.0,0.025729166666666664,1.0,0.9871354166666666,0.9871354166666666,0.03232890012519011,,0.0,0.03948542677806676,0.5,0.0,0.0,0.025729166666666664,0.5,1.450522018515591e-10
0.4782837895921397,0.9223214285714285,0.024503043831168726,0.4611954213444583,0.7226618303571428,1.0,1.0,1.0,0.5,0.48713541666666665,0.49688903196965556,0.0,0.0054577020202019886,0.4791359260912979,0.5,0.22273567552695642,0.025729166666666664,1.0,0.5985032544301448,0.5985032544301448,0.02482717843820474,,0.0,0.02394014028860589,0.5,0.0,0.0,0.025729166666666664,0.5,1.450522018515591e-10
0.4787763610333443,0.9,0.029852746212121226,0.45645938864734387,0.7468805803571429,1.0,1.0,1.0,0.5,0.48237847222222224,0.4964223846173206,0.04756944444444444,0.00649305555555555,0.4732828866158191,0.5,0.2175027888361959,0.035243055555555555,1.0,0.5911298666403202,0.5911298666403202,0.024801254349335056,,0.0,0.02364520540143444,0.5,0.0,0.0,0.035243055555555555,0.5,9.581010834420117e-10
0.45910935988750023,0.8302083333333332,0.024189191017316047,0.45938145912937395,0.7705264136904763,1.0,1.0,1.0,0.5,0.47519097222222223,0.5150542762281326,0.07187500000000001,0.008277567340067344,0.5153595322092344,0.5,0.34220108205114314,0.049618055555555554,1.0,0.6462915132477938,0.6462915132477938,0.025836363884367344,,0.0,0.02585167626011031,0.5,0.0,0.0,0.049618055555555554,0.5,7.461196030890188e-09
0.45577364442191265,0.7197916666666666,0.018647163600288556,0.4586673792180305,0.7705264136904763,1.0,0.9988170965756152,1.0,0.5005914517121923,0.4726243806772994,0.5182144222493719,0.03125,0.006974957912457887,0.5215045973699959,0.5,0.3740492689381431,0.05586805555555555,0.9988170965756152,0.6590906066912938,0.6544265752703183,0.02601193332871551,0.0,0.0,0.026177084687309476,0.5,0.0,0.0,0.05586805555555555,0.5,1.5203771796811482e-08
0.38860968426398695,0.8232638888888889,0.015765805375180353,0.48278652497273455,0.7836913442460316,1.0,1.0,1.0,0.5,0.4517088293650794,0.5818432138887226,0.20357142857142857,0.014692911255411239,0.7228488498538838,0.5,0.9319480296605627,0.09658234126984126,1.0,0.9176828441953607,0.9176828441953607,0.02954710184729047,,0.0,0.0367076354540318,0.5,0.0,0.0,0.09658234126984126,0.5,4.0584142886193144e-07
0.3916555795665113,0.846875,0.017070263648388727,0.4683058615776235,0.7932225942460318,1.0,1.0,1.0,0.5,0.4405034722222222,0.5789570073799049,0.11205357142857143,0.014951449013948907,0.6922637498424953,0.5,0.8758768652855683,0.11899305555555557,1.0,0.8784419048650063,0.8784419048650063,0.02938741305358386,,0.0,0.0351387762810078,0.5,0.0,0.0,0.11899305555555557,0.5,1.4193833431534556e-06
0.21577607247894812,0.7437499999999999,-0.001551414442039411,0.2100629745032269,0.8121600942460316,0.2004476510458101,1.0,1.0,0.10022382552290506,0.0882978862844677,0.7455795009766839,0.0,0.007739748677248666,0.725838810135327,0.5,1.0,0.11899305555555555,1.0,0.9405034722222223,0.9405034722222223,0.03864442654436796,,0.0,0.037621238975296435,0.5,0.0,0.0,0.11899305555555555,0.5,1.4193833431534535e-06
0.5124717302459162,0.6385416666666667,-0.014280100108225082,0.4076796506587657,0.8121600942460316,1.0,0.9846410105326422,1.0,0.5076794947336789,0.44482595284401205,0.464498820560131,0.024062499999999997,0.0018405483405483372,0.3695164156791494,0.5,0.12888903625319925,0.12380555555555554,0.9846410105326422,0.5025417403488219,0.45797277473610815,0.02302944919395273,,0.0,0.01832030382973356,0.5,0.0,0.0,0.12380555555555554,0.5,1.8005732932702126e-06
0.5052699652106156,0.9237499999999998,-0.007934764309764511,0.395296115548603,0.8127251984126984,1.0,1.0,1.0,0.5,0.42856597222222226,0.47131925540646896,0.0953125,-0.00046395502645496284,0.3687349014853391,0.5,0.05847117927422499,0.14286805555555554,1.0,0.45780156185933474,0.45780156185933474,0.023410779382915334,,0.0,0.018315337916779313,0.5,0.0,0.0,0.14286805555555554,0.5,4.25187813271334e-06
0.4938019818584651,0.9145833333333333,-0.004643879268879346,0.4115242138447303,0.8263085317460318,1.0,1.0,1.0,0.5,0.44143055555555555,0.48218646619706484,0.0,-0.0005462361712361181,0.40184408673594735,0.5,0.11762497248726603,0.11713888888888888,1.0,0.5002430417991885,0.5002430417991885,0.02401155194447012,,0.0,0.02001072373170869,0.5,0.0,0.0,0.11713888888888888,0.5,1.2917444546183459e-06
0.25626300992139994,0.8006249999999999,0.00035606060606057185,0.2376674970780455,0.8263085317460318,0.32239098481133005,0.9852722773763114,1.0,0.16855935371750932,0.14340655237944097,0.7072202096002416,0.16041666666666668,0.0011044372294372498,0.6559013614577227,0.5,1.0,0.14922222222222223,0.9852722773763114,0.9253888888888888,0.8465680226929357,0.03651678047835852,,0.0,0.0338669705795692,0.5,0.0,0.0,0.14922222222222223,0.5,5.520406056996515e-06
0.5140937823239904,0.896875,0.010593013468013385,0.39356769294937266,0.8263085317460318,1.0,0.9848940893412202,1.0,0.5075529553293898,0.43003481542272826,0.462957788405838,0.06510416666666667,-0.0012169011544011549,0.3544202147167786,0.5,0.11487771237860728,0.15272916666666664,0.9848940893412202,0.4810742728559704,0.4390857257163589,0.022948429270171555,0.0,0.0,0.017568312777183737,0.5,0.0,0.0,0.15272916666666664,0.5,6.346026730961009e-06
0.4735448206366675,0.8887499999999999,0.015771885521885482,0.39559931710436536,0.8263085317460318,1.0,0.9919788118652593,1.0,0.5040105940673704,0.4157832395695712,0.5013661466448921,0.18348214285714284,0.004326569264069294,0.418841251320844,0.5,0.27432162489802714,0.17505059523809524,0.9919788118652593,0.549635514829966,0.5237079452994147,0.025089032718440363,0.0,0.0,0.020959376552529777,0.5,0.0,0.0,0.17505059523809524,0.5,1.4386380928624565e-05
0.2796393274315939,0.64140625,-0.0006114267676768236,0.2581366466317046,0.8263085317460318,0.4188237474516902,0.9824925953183922,1.0,0.21816557606664902,0.1768121612627538,0.6850603834059753,0.10375000000000001,0.001459866522366546,0.6323831191301487,0.5,1.0,0.1895505952380952,0.9824925953183922,0.9052247023809524,0.8142019017320261,0.03530028916243068,,0.0,0.032585896816492786,0.5,0.0,0.0,0.1895505952380952,0.5,2.3191077098614076e-05
0.23561490082328296,0.7700000000000001,-0.0021322601010101048,0.19821940082608622,0.8263085317460318,0.22365645309292728,0.9760465903647292,1.0,0.12380493136409905,0.10265897539369939,0.7267752190109071,0.10982142857142858,0.009533639971139887,0.611425457151536,0.5,1.0,0.17080059523809527,0.9760465903647292,0.9145997023809523,0.7907775799080068,0.03760988016580998,0.0,0.0,0.031640647028513706,0.5,0.0,0.0,0.17080059523809527,0.5,1.2413844001861551e-05
0.22338017260603363,0.8710937499999999,0.004080808080808124,0.1849231419698386,0.8263085317460318,0.19206064715626514,0.978977547636685,1.0,0.10654154975979008,0.08503022425058888,0.7383471250245432,0.267578125,0.021247497294372236,0.6112336141164206,0.5,1.0,0.20190550595238096,0.978977547636685,0.8990472470238096,0.7914416564972797,0.03827270236942314,,0.0,0.031683691042322375,0.5,0.0,0.0,0.20190550595238096,0.5,3.387341462393761e-05
0.25556578046578593,0.8890625,0.004105429292929324,0.24527618351926736,0.8263085317460318,0.36942341753789765,0.9965632912684186,1.0,0.18643006313473953,0.14735174184278868,0.7078531345420115,0.038541666666666675,0.011113072691197668,0.6793535308842277,0.5,1.0,0.2096138392857143,0.9965632912684186,0.8951930803571428,0.8768918446781374,0.03658108499220262,,0.0,0.03510825627565817,0.5,0.0,0.0,0.2096138392857143,0.5,4.241209444357537e-05
0.24569840639398852,0.85625,-0.006434974747474704,0.22919618119941843,0.8452395833333333,0.3533876573599272,1.0,1.0,0.1766938286799636,0.12871790454054519,0.7170780139362142,0.33359374999999997,0.01820939303751814,0.6689157851219373,0.5,1.0,0.27152008928571425,1.0,0.8642399553571429,0.8642399553571429,0.03722357966979733,,0.0,0.0347234743444335,0.5,0.0,0.0,0.27152008928571425,0.5,0.00020034652362991575
0.2712937571618505,,-0.006434974747474704,0.26247535359693885,0.8452395833333333,0.47447370564755104,1.0,1.0,0.23723685282377552,0.17259987181367983,0.6928322180799478,0.1,0.013562342171717177,0.6703117068609709,0.5,1.0,0.2724575892857143,1.0,0.8637712053571429,0.8637712053571429,0.03587402475820177,,0.0,0.03470793958497486,0.5,0.0,0.0,0.2724575892857143,0.5,0.00020453303475148109
0.525667066762725,0.8273437499999999,-0.002033166486291446,0.32834868221412117,0.8452395833333333,1.0,0.9885942102214611,1.0,0.5057028948892694,0.3623365004551965,0.4516995560945314,0.055208333333333325,6.1124639249649e-05,0.28214617840476036,0.5,0.030063764901585657,0.2834992559523809,0.9885942102214611,0.3732822544746024,0.34845421347836736,0.022633377142743508,,0.0,0.014137540714966507,0.5,0.0,0.0,0.2834992559523809,0.5,0.0002595861664476721
0.26989761887673036,0.844375,0.003085508241758239,0.22725193026551432,0.8452395833333333,0.40600021223936555,0.9802878868171007,1.0,0.21285616271113245,0.14839384580996187,0.6939767453564273,0.2571428571428571,0.007599770021645003,0.5843236246321118,0.5,1.0,0.30284449404761904,0.9802878868171007,0.8485777529761904,0.7530320469181835,0.03612563576684234,0.0,0.0,0.030417535709469836,0.5,0.0,0.0,0.30284449404761904,0.5,0.0003857341572167892
0.2917717659382902,0.8875,0.00429095643939388,0.26431059713488064,0.8452395833333333,0.570209342669403,0.9905660377358492,1.0,0.28982165246677694,0.1910113735129569,0.6729587923196277,0.25555555555555554,0.007525229978354982,0.6096208098585815,0.5,1.0,0.34093477182539683,0.9905660377358492,0.8295326140873016,0.7836715277855447,0.035269441742082165,0.0,0.0,0.03194992900524599,0.5,0.0,0.0,0.34093477182539683,0.5,0.0007852316325835932
0.5020989209026355,0.7791666666666667,0.00466956496786044,0.32925036265985375,0.8452395833333333,1.0,0.9766400059154826,1.0,0.5116799970422587,0.3560073224659266,0.4738907543034383,0.0,-0.0009053406084656057,0.3107529138582136,0.5,0.19388114625170874,0.30423834325396826,0.9766400059154826,0.44482140149887023,0.38600482693683763,0.024010324793926136,0.0,0.0,0.01574472243789991,0.5,0.0,0.0,0.30423834325396826,0.5,0.00039650958388854534
0.4159180239812682,0.7418750000000001,0.004272253787878942,0.36439806378245043,0.8452395833333333,1.0,0.9592632759449369,1.0,0.5203683620275316,0.35642587076807153,0.5555694643800659,0.1578125,-0.0038194068662818774,0.48675081492949873,0.5,0.8940028041213604,0.31505084325396826,0.9592632759449369,0.789475980433696,0.6151284755289926,0.028512511638665756,,0.0,0.024980653483707448,0.5,0.0,0.0,0.31505084325396826,0.5,0.0004889381022757024
0.2035788843093811,0.8864583333333332,-0.001769589837771663,0.1559730123671977,0.8452395833333333,0.16842784313840192,0.9882553023674255,1.0,0.09008627038548819,0.05506243992000511,0.7555086579212937,0.47847222222222224,0.01050651605339113,0.5788368555277164,0.5,1.0,0.38878100198412696,0.9882553023674255,0.8056094990079365,0.7504806471287706,0.04091245776932505,,0.0,0.03134529056525209,0.5,0.0,0.0,0.38878100198412696,0.5,0.001726633698048521
0.3138954022681565,0.6140625,-0.015716343118686815,0.2492179416167533,0.8452395833333333,0.6312745465028844,0.9698063911859311,1.0,0.3307340776584766,0.1954587542034973,0.6504965195393096,0.3687500000000001,0.024896209114959152,0.5164631353534639,0.5,1.0,0.409015376984127,0.9698063911859311,0.7954923115079365,0.6618296774511696,0.035608078192534,,0.0,0.02827111161217533,0.5,0.0,0.0,0.409015376984127,0.5,0.0023410345236048787
