proba/MiniGrid-Unlock-v0,perf/MiniGrid-Unlock-v0,lp/MiniGrid-Unlock-v0,attention/MiniGrid-Unlock-v0,max_perf/MiniGrid-Unlock-v0,na_lp/MiniGrid-Unlock-v0,mr/MiniGrid-Unlock-v0,anc_mr/MiniGrid-Unlock-v0,learning_state/MiniGrid-Unlock-v0,pre_attention/MiniGrid-Unlock-v0,proba/MiniGrid-UnlockPickup-v0,perf/MiniGrid-UnlockPickup-v0,lp/MiniGrid-UnlockPickup-v0,attention/MiniGrid-UnlockPickup-v0,max_perf/MiniGrid-UnlockPickup-v0,na_lp/MiniGrid-UnlockPickup-v0,mr/MiniGrid-UnlockPickup-v0,anc_mr/MiniGrid-UnlockPickup-v0,learning_state/MiniGrid-UnlockPickup-v0,pre_attention/MiniGrid-UnlockPickup-v0,proba/MiniGrid-BlockedUnlockPickup-v0,perf/MiniGrid-BlockedUnlockPickup-v0,lp/MiniGrid-BlockedUnlockPickup-v0,attention/MiniGrid-BlockedUnlockPickup-v0,max_perf/MiniGrid-BlockedUnlockPickup-v0,na_lp/MiniGrid-BlockedUnlockPickup-v0,mr/MiniGrid-BlockedUnlockPickup-v0,anc_mr/MiniGrid-BlockedUnlockPickup-v0,learning_state/MiniGrid-BlockedUnlockPickup-v0,pre_attention/MiniGrid-BlockedUnlockPickup-v0
0.9499999537500035,0.0,0.0,0.38000001,0.5,0.0,0.0,1.0,0.5,0.5,0.050000021249998416,,0.0,0.020000010000000006,0.5,0.0,0.0,0.0,0.5,0.0,2.499999812500014e-08,,0.0,1e-08,0.5,0.0,0.0,0.0,0.5,0.0
proba/MiniGrid-Unlock-v0,perf/MiniGrid-Unlock-v0,lp/MiniGrid-Unlock-v0,attention/MiniGrid-Unlock-v0,max_perf/MiniGrid-Unlock-v0,na_lp/MiniGrid-Unlock-v0,mr/MiniGrid-Unlock-v0,anc_mr/MiniGrid-Unlock-v0,learning_state/MiniGrid-Unlock-v0,pre_attention/MiniGrid-Unlock-v0,proba/MiniGrid-UnlockPickup-v0,perf/MiniGrid-UnlockPickup-v0,lp/MiniGrid-UnlockPickup-v0,attention/MiniGrid-UnlockPickup-v0,max_perf/MiniGrid-UnlockPickup-v0,na_lp/MiniGrid-UnlockPickup-v0,mr/MiniGrid-UnlockPickup-v0,anc_mr/MiniGrid-UnlockPickup-v0,learning_state/MiniGrid-UnlockPickup-v0,pre_attention/MiniGrid-UnlockPickup-v0,proba/MiniGrid-BlockedUnlockPickup-v0,perf/MiniGrid-BlockedUnlockPickup-v0,lp/MiniGrid-BlockedUnlockPickup-v0,attention/MiniGrid-BlockedUnlockPickup-v0,max_perf/MiniGrid-BlockedUnlockPickup-v0,na_lp/MiniGrid-BlockedUnlockPickup-v0,mr/MiniGrid-BlockedUnlockPickup-v0,anc_mr/MiniGrid-BlockedUnlockPickup-v0,learning_state/MiniGrid-BlockedUnlockPickup-v0,pre_attention/MiniGrid-BlockedUnlockPickup-v0
0.9499999537500035,,0.0,0.38000001,0.5,0.0,0.0,1.0,0.5,0.5,0.050000021249998416,,0.0,0.020000010000000006,0.5,0.0,0.0,0.0,0.5,0.0,2.499999812500014e-08,,0.0,1e-08,0.5,0.0,0.0,0.0,0.5,0.0
proba/MiniGrid-Unlock-v0,perf/MiniGrid-Unlock-v0,lp/MiniGrid-Unlock-v0,attention/MiniGrid-Unlock-v0,max_perf/MiniGrid-Unlock-v0,na_lp/MiniGrid-Unlock-v0,mr/MiniGrid-Unlock-v0,anc_mr/MiniGrid-Unlock-v0,learning_state/MiniGrid-Unlock-v0,pre_attention/MiniGrid-Unlock-v0,proba/MiniGrid-UnlockPickup-v0,perf/MiniGrid-UnlockPickup-v0,lp/MiniGrid-UnlockPickup-v0,attention/MiniGrid-UnlockPickup-v0,max_perf/MiniGrid-UnlockPickup-v0,na_lp/MiniGrid-UnlockPickup-v0,mr/MiniGrid-UnlockPickup-v0,anc_mr/MiniGrid-UnlockPickup-v0,learning_state/MiniGrid-UnlockPickup-v0,pre_attention/MiniGrid-UnlockPickup-v0,proba/MiniGrid-BlockedUnlockPickup-v0,perf/MiniGrid-BlockedUnlockPickup-v0,lp/MiniGrid-BlockedUnlockPickup-v0,attention/MiniGrid-BlockedUnlockPickup-v0,max_perf/MiniGrid-BlockedUnlockPickup-v0,na_lp/MiniGrid-BlockedUnlockPickup-v0,mr/MiniGrid-BlockedUnlockPickup-v0,anc_mr/MiniGrid-BlockedUnlockPickup-v0,learning_state/MiniGrid-BlockedUnlockPickup-v0,pre_attention/MiniGrid-BlockedUnlockPickup-v0
0.9499999537500035,0.0,0.0,0.38000001,0.5,0.0,0.0,1.0,0.5,0.5,0.050000021249998416,,0.0,0.020000010000000006,0.5,0.0,0.0,0.0,0.5,0.0,2.499999812500014e-08,,0.0,1e-08,0.5,0.0,0.0,0.0,0.5,0.0
proba/MiniGrid-Unlock-v0,perf/MiniGrid-Unlock-v0,lp/MiniGrid-Unlock-v0,attention/MiniGrid-Unlock-v0,max_perf/MiniGrid-Unlock-v0,na_lp/MiniGrid-Unlock-v0,mr/MiniGrid-Unlock-v0,anc_mr/MiniGrid-Unlock-v0,learning_state/MiniGrid-Unlock-v0,pre_attention/MiniGrid-Unlock-v0,proba/MiniGrid-UnlockPickup-v0,perf/MiniGrid-UnlockPickup-v0,lp/MiniGrid-UnlockPickup-v0,attention/MiniGrid-UnlockPickup-v0,max_perf/MiniGrid-UnlockPickup-v0,na_lp/MiniGrid-UnlockPickup-v0,mr/MiniGrid-UnlockPickup-v0,anc_mr/MiniGrid-UnlockPickup-v0,learning_state/MiniGrid-UnlockPickup-v0,pre_attention/MiniGrid-UnlockPickup-v0,proba/MiniGrid-BlockedUnlockPickup-v0,perf/MiniGrid-BlockedUnlockPickup-v0,lp/MiniGrid-BlockedUnlockPickup-v0,attention/MiniGrid-BlockedUnlockPickup-v0,max_perf/MiniGrid-BlockedUnlockPickup-v0,na_lp/MiniGrid-BlockedUnlockPickup-v0,mr/MiniGrid-BlockedUnlockPickup-v0,anc_mr/MiniGrid-BlockedUnlockPickup-v0,learning_state/MiniGrid-BlockedUnlockPickup-v0,pre_attention/MiniGrid-BlockedUnlockPickup-v0
0.9499999537500035,,0.0,0.38000001,0.5,0.0,0.0,1.0,0.5,0.5,0.050000021249998416,,0.0,0.020000010000000006,0.5,0.0,0.0,0.0,0.5,0.0,2.499999812500014e-08,,0.0,1e-08,0.5,0.0,0.0,0.0,0.5,0.0
proba/MiniGrid-Unlock-v0,perf/MiniGrid-Unlock-v0,lp/MiniGrid-Unlock-v0,attention/MiniGrid-Unlock-v0,max_perf/MiniGrid-Unlock-v0,na_lp/MiniGrid-Unlock-v0,mr/MiniGrid-Unlock-v0,anc_mr/MiniGrid-Unlock-v0,learning_state/MiniGrid-Unlock-v0,pre_attention/MiniGrid-Unlock-v0,proba/MiniGrid-UnlockPickup-v0,perf/MiniGrid-UnlockPickup-v0,lp/MiniGrid-UnlockPickup-v0,attention/MiniGrid-UnlockPickup-v0,max_perf/MiniGrid-UnlockPickup-v0,na_lp/MiniGrid-UnlockPickup-v0,mr/MiniGrid-UnlockPickup-v0,anc_mr/MiniGrid-UnlockPickup-v0,learning_state/MiniGrid-UnlockPickup-v0,pre_attention/MiniGrid-UnlockPickup-v0,proba/MiniGrid-BlockedUnlockPickup-v0,perf/MiniGrid-BlockedUnlockPickup-v0,lp/MiniGrid-BlockedUnlockPickup-v0,attention/MiniGrid-BlockedUnlockPickup-v0,max_perf/MiniGrid-BlockedUnlockPickup-v0,na_lp/MiniGrid-BlockedUnlockPickup-v0,mr/MiniGrid-BlockedUnlockPickup-v0,anc_mr/MiniGrid-BlockedUnlockPickup-v0,learning_state/MiniGrid-BlockedUnlockPickup-v0,pre_attention/MiniGrid-BlockedUnlockPickup-v0
0.9499999537500035,0.0,0.0,0.38000001,0.5,0.0,0.0,1.0,0.5,0.5,0.050000021249998416,,0.0,0.020000010000000006,0.5,0.0,0.0,0.0,0.5,0.0,2.499999812500014e-08,,0.0,1e-08,0.5,0.0,0.0,0.0,0.5,0.0
proba/MiniGrid-Unlock-v0,perf/MiniGrid-Unlock-v0,lp/MiniGrid-Unlock-v0,attention/MiniGrid-Unlock-v0,max_perf/MiniGrid-Unlock-v0,na_lp/MiniGrid-Unlock-v0,mr/MiniGrid-Unlock-v0,anc_mr/MiniGrid-Unlock-v0,learning_state/MiniGrid-Unlock-v0,pre_attention/MiniGrid-Unlock-v0,proba/MiniGrid-UnlockPickup-v0,perf/MiniGrid-UnlockPickup-v0,lp/MiniGrid-UnlockPickup-v0,attention/MiniGrid-UnlockPickup-v0,max_perf/MiniGrid-UnlockPickup-v0,na_lp/MiniGrid-UnlockPickup-v0,mr/MiniGrid-UnlockPickup-v0,anc_mr/MiniGrid-UnlockPickup-v0,learning_state/MiniGrid-UnlockPickup-v0,pre_attention/MiniGrid-UnlockPickup-v0,proba/MiniGrid-BlockedUnlockPickup-v0,perf/MiniGrid-BlockedUnlockPickup-v0,lp/MiniGrid-BlockedUnlockPickup-v0,attention/MiniGrid-BlockedUnlockPickup-v0,max_perf/MiniGrid-BlockedUnlockPickup-v0,na_lp/MiniGrid-BlockedUnlockPickup-v0,mr/MiniGrid-BlockedUnlockPickup-v0,anc_mr/MiniGrid-BlockedUnlockPickup-v0,learning_state/MiniGrid-BlockedUnlockPickup-v0,pre_attention/MiniGrid-BlockedUnlockPickup-v0
0.9499999537500035,,0.0,0.38000001,0.5,0.0,0.0,1.0,0.5,0.5,0.050000021249998416,,0.0,0.020000010000000006,0.5,0.0,0.0,0.0,0.5,0.0,2.499999812500014e-08,,0.0,1e-08,0.5,0.0,0.0,0.0,0.5,0.0
proba/MiniGrid-Unlock-v0,perf/MiniGrid-Unlock-v0,lp/MiniGrid-Unlock-v0,attention/MiniGrid-Unlock-v0,max_perf/MiniGrid-Unlock-v0,na_lp/MiniGrid-Unlock-v0,mr/MiniGrid-Unlock-v0,anc_mr/MiniGrid-Unlock-v0,learning_state/MiniGrid-Unlock-v0,pre_attention/MiniGrid-Unlock-v0,proba/MiniGrid-UnlockPickup-v0,perf/MiniGrid-UnlockPickup-v0,lp/MiniGrid-UnlockPickup-v0,attention/MiniGrid-UnlockPickup-v0,max_perf/MiniGrid-UnlockPickup-v0,na_lp/MiniGrid-UnlockPickup-v0,mr/MiniGrid-UnlockPickup-v0,anc_mr/MiniGrid-UnlockPickup-v0,learning_state/MiniGrid-UnlockPickup-v0,pre_attention/MiniGrid-UnlockPickup-v0,proba/MiniGrid-BlockedUnlockPickup-v0,perf/MiniGrid-BlockedUnlockPickup-v0,lp/MiniGrid-BlockedUnlockPickup-v0,attention/MiniGrid-BlockedUnlockPickup-v0,max_perf/MiniGrid-BlockedUnlockPickup-v0,na_lp/MiniGrid-BlockedUnlockPickup-v0,mr/MiniGrid-BlockedUnlockPickup-v0,anc_mr/MiniGrid-BlockedUnlockPickup-v0,learning_state/MiniGrid-BlockedUnlockPickup-v0,pre_attention/MiniGrid-BlockedUnlockPickup-v0
0.9499999537500035,0.0,0.0,0.38000001,0.5,0.0,0.0,1.0,0.5,0.5,0.050000021249998416,,0.0,0.020000010000000006,0.5,0.0,0.0,0.0,0.5,0.0,2.499999812500014e-08,,0.0,1e-08,0.5,0.0,0.0,0.0,0.5,0.0
proba/MiniGrid-Unlock-v0,perf/MiniGrid-Unlock-v0,lp/MiniGrid-Unlock-v0,attention/MiniGrid-Unlock-v0,max_perf/MiniGrid-Unlock-v0,na_lp/MiniGrid-Unlock-v0,mr/MiniGrid-Unlock-v0,anc_mr/MiniGrid-Unlock-v0,learning_state/MiniGrid-Unlock-v0,pre_attention/MiniGrid-Unlock-v0,proba/MiniGrid-UnlockPickup-v0,perf/MiniGrid-UnlockPickup-v0,lp/MiniGrid-UnlockPickup-v0,attention/MiniGrid-UnlockPickup-v0,max_perf/MiniGrid-UnlockPickup-v0,na_lp/MiniGrid-UnlockPickup-v0,mr/MiniGrid-UnlockPickup-v0,anc_mr/MiniGrid-UnlockPickup-v0,learning_state/MiniGrid-UnlockPickup-v0,pre_attention/MiniGrid-UnlockPickup-v0,proba/MiniGrid-BlockedUnlockPickup-v0,perf/MiniGrid-BlockedUnlockPickup-v0,lp/MiniGrid-BlockedUnlockPickup-v0,attention/MiniGrid-BlockedUnlockPickup-v0,max_perf/MiniGrid-BlockedUnlockPickup-v0,na_lp/MiniGrid-BlockedUnlockPickup-v0,mr/MiniGrid-BlockedUnlockPickup-v0,anc_mr/MiniGrid-BlockedUnlockPickup-v0,learning_state/MiniGrid-BlockedUnlockPickup-v0,pre_attention/MiniGrid-BlockedUnlockPickup-v0
0.9499999537500035,,0.0,0.38000001,0.5,0.0,0.0,1.0,0.5,0.5,0.050000021249998416,,0.0,0.020000010000000006,0.5,0.0,0.0,0.0,0.5,0.0,2.499999812500014e-08,,0.0,1e-08,0.5,0.0,0.0,0.0,0.5,0.0
proba/MiniGrid-Unlock-v0,perf/MiniGrid-Unlock-v0,lp/MiniGrid-Unlock-v0,attention/MiniGrid-Unlock-v0,max_perf/MiniGrid-Unlock-v0,na_lp/MiniGrid-Unlock-v0,mr/MiniGrid-Unlock-v0,anc_mr/MiniGrid-Unlock-v0,learning_state/MiniGrid-Unlock-v0,pre_attention/MiniGrid-Unlock-v0,proba/MiniGrid-UnlockPickup-v0,perf/MiniGrid-UnlockPickup-v0,lp/MiniGrid-UnlockPickup-v0,attention/MiniGrid-UnlockPickup-v0,max_perf/MiniGrid-UnlockPickup-v0,na_lp/MiniGrid-UnlockPickup-v0,mr/MiniGrid-UnlockPickup-v0,anc_mr/MiniGrid-UnlockPickup-v0,learning_state/MiniGrid-UnlockPickup-v0,pre_attention/MiniGrid-UnlockPickup-v0,proba/MiniGrid-BlockedUnlockPickup-v0,perf/MiniGrid-BlockedUnlockPickup-v0,lp/MiniGrid-BlockedUnlockPickup-v0,attention/MiniGrid-BlockedUnlockPickup-v0,max_perf/MiniGrid-BlockedUnlockPickup-v0,na_lp/MiniGrid-BlockedUnlockPickup-v0,mr/MiniGrid-BlockedUnlockPickup-v0,anc_mr/MiniGrid-BlockedUnlockPickup-v0,learning_state/MiniGrid-BlockedUnlockPickup-v0,pre_attention/MiniGrid-BlockedUnlockPickup-v0
0.9499999537500035,0.0,0.0,0.38000001,0.5,0.0,0.0,1.0,0.5,0.5,0.050000021249998416,,0.0,0.020000010000000006,0.5,0.0,0.0,0.0,0.5,0.0,2.499999812500014e-08,,0.0,1e-08,0.5,0.0,0.0,0.0,0.5,0.0
proba/MiniGrid-Unlock-v0,perf/MiniGrid-Unlock-v0,lp/MiniGrid-Unlock-v0,attention/MiniGrid-Unlock-v0,max_perf/MiniGrid-Unlock-v0,na_lp/MiniGrid-Unlock-v0,mr/MiniGrid-Unlock-v0,anc_mr/MiniGrid-Unlock-v0,learning_state/MiniGrid-Unlock-v0,pre_attention/MiniGrid-Unlock-v0,proba/MiniGrid-UnlockPickup-v0,perf/MiniGrid-UnlockPickup-v0,lp/MiniGrid-UnlockPickup-v0,attention/MiniGrid-UnlockPickup-v0,max_perf/MiniGrid-UnlockPickup-v0,na_lp/MiniGrid-UnlockPickup-v0,mr/MiniGrid-UnlockPickup-v0,anc_mr/MiniGrid-UnlockPickup-v0,learning_state/MiniGrid-UnlockPickup-v0,pre_attention/MiniGrid-UnlockPickup-v0,proba/MiniGrid-BlockedUnlockPickup-v0,perf/MiniGrid-BlockedUnlockPickup-v0,lp/MiniGrid-BlockedUnlockPickup-v0,attention/MiniGrid-BlockedUnlockPickup-v0,max_perf/MiniGrid-BlockedUnlockPickup-v0,na_lp/MiniGrid-BlockedUnlockPickup-v0,mr/MiniGrid-BlockedUnlockPickup-v0,anc_mr/MiniGrid-BlockedUnlockPickup-v0,learning_state/MiniGrid-BlockedUnlockPickup-v0,pre_attention/MiniGrid-BlockedUnlockPickup-v0
0.9499999537500035,,0.0,0.38000001,0.5,0.0,0.0,1.0,0.5,0.5,0.050000021249998416,,0.0,0.020000010000000006,0.5,0.0,0.0,0.0,0.5,0.0,2.499999812500014e-08,,0.0,1e-08,0.5,0.0,0.0,0.0,0.5,0.0
0.9499999537500035,,0.0,0.38000001,0.5,0.0,0.0,1.0,0.5,0.5,0.050000021249998416,,0.0,0.020000010000000006,0.5,0.0,0.0,0.0,0.5,0.0,2.499999812500014e-08,,0.0,1e-08,0.5,0.0,0.0,0.0,0.5,0.0
0.9499999537500035,0.0,0.0,0.38000001,0.5,0.0,0.0,1.0,0.5,0.5,0.050000021249998416,,0.0,0.020000010000000006,0.5,0.0,0.0,0.0,0.5,0.0,2.499999812500014e-08,,0.0,1e-08,0.5,0.0,0.0,0.0,0.5,0.0
0.9499999537500035,,0.0,0.38000001,0.5,0.0,0.0,1.0,0.5,0.5,0.050000021249998416,,0.0,0.020000010000000006,0.5,0.0,0.0,0.0,0.5,0.0,2.499999812500014e-08,,0.0,1e-08,0.5,0.0,0.0,0.0,0.5,0.0
0.9499999537500035,0.0,0.0,0.38000001,0.5,0.0,0.0,1.0,0.5,0.5,0.050000021249998416,,0.0,0.020000010000000006,0.5,0.0,0.0,0.0,0.5,0.0,2.499999812500014e-08,,0.0,1e-08,0.5,0.0,0.0,0.0,0.5,0.0
0.9499999537500035,,0.0,0.38000001,0.5,0.0,0.0,1.0,0.5,0.5,0.050000021249998416,,0.0,0.020000010000000006,0.5,0.0,0.0,0.0,0.5,0.0,2.499999812500014e-08,,0.0,1e-08,0.5,0.0,0.0,0.0,0.5,0.0
0.9499999537500035,0.0,0.0,0.38000001,0.5,0.0,0.0,1.0,0.5,0.5,0.050000021249998416,,0.0,0.020000010000000006,0.5,0.0,0.0,0.0,0.5,0.0,2.499999812500014e-08,,0.0,1e-08,0.5,0.0,0.0,0.0,0.5,0.0
0.9499999537500035,,0.0,0.38000001,0.5,0.0,0.0,1.0,0.5,0.5,0.050000021249998416,,0.0,0.020000010000000006,0.5,0.0,0.0,0.0,0.5,0.0,2.499999812500014e-08,,0.0,1e-08,0.5,0.0,0.0,0.0,0.5,0.0
0.9499999537500035,0.0,0.0,0.38000001,0.5,0.0,0.0,1.0,0.5,0.5,0.050000021249998416,,0.0,0.020000010000000006,0.5,0.0,0.0,0.0,0.5,0.0,2.499999812500014e-08,,0.0,1e-08,0.5,0.0,0.0,0.0,0.5,0.0
0.9499999537500035,,0.0,0.38000001,0.5,0.0,0.0,1.0,0.5,0.5,0.050000021249998416,,0.0,0.020000010000000006,0.5,0.0,0.0,0.0,0.5,0.0,2.499999812500014e-08,,0.0,1e-08,0.5,0.0,0.0,0.0,0.5,0.0
0.9499999537500035,,0.0,0.38000001,0.5,0.0,0.0,1.0,0.5,0.5,0.050000021249998416,,0.0,0.020000010000000006,0.5,0.0,0.0,0.0,0.5,0.0,2.499999812500014e-08,,0.0,1e-08,0.5,0.0,0.0,0.0,0.5,0.0
0.9499999537500035,0.0,0.0,0.38000001,0.5,0.0,0.0,1.0,0.5,0.5,0.050000021249998416,,0.0,0.020000010000000006,0.5,0.0,0.0,0.0,0.5,0.0,2.499999812500014e-08,,0.0,1e-08,0.5,0.0,0.0,0.0,0.5,0.0
0.9499999537500035,,0.0,0.38000001,0.5,0.0,0.0,1.0,0.5,0.5,0.050000021249998416,,0.0,0.020000010000000006,0.5,0.0,0.0,0.0,0.5,0.0,2.499999812500014e-08,,0.0,1e-08,0.5,0.0,0.0,0.0,0.5,0.0
0.9499999537500035,0.0,0.0,0.38000001,0.5,0.0,0.0,1.0,0.5,0.5,0.050000021249998416,,0.0,0.020000010000000006,0.5,0.0,0.0,0.0,0.5,0.0,2.499999812500014e-08,,0.0,1e-08,0.5,0.0,0.0,0.0,0.5,0.0
0.9499999537500035,,0.0,0.38000001,0.5,0.0,0.0,1.0,0.5,0.5,0.050000021249998416,,0.0,0.020000010000000006,0.5,0.0,0.0,0.0,0.5,0.0,2.499999812500014e-08,,0.0,1e-08,0.5,0.0,0.0,0.0,0.5,0.0
0.9499999537500035,0.0,0.0,0.38000001,0.5,0.0,0.0,1.0,0.5,0.5,0.050000021249998416,,0.0,0.020000010000000006,0.5,0.0,0.0,0.0,0.5,0.0,2.499999812500014e-08,,0.0,1e-08,0.5,0.0,0.0,0.0,0.5,0.0
0.9499999537500035,,0.0,0.38000001,0.5,0.0,0.0,1.0,0.5,0.5,0.050000021249998416,,0.0,0.020000010000000006,0.5,0.0,0.0,0.0,0.5,0.0,2.499999812500014e-08,,0.0,1e-08,0.5,0.0,0.0,0.0,0.5,0.0
0.9499999537500035,0.0,0.0,0.38000001,0.5,0.0,0.0,1.0,0.5,0.5,0.050000021249998416,,0.0,0.020000010000000006,0.5,0.0,0.0,0.0,0.5,0.0,2.499999812500014e-08,,0.0,1e-08,0.5,0.0,0.0,0.0,0.5,0.0
0.9499999537500035,,0.0,0.38000001,0.5,0.0,0.0,1.0,0.5,0.5,0.050000021249998416,,0.0,0.020000010000000006,0.5,0.0,0.0,0.0,0.5,0.0,2.499999812500014e-08,,0.0,1e-08,0.5,0.0,0.0,0.0,0.5,0.0
0.9499999537500035,,0.0,0.38000001,0.5,0.0,0.0,1.0,0.5,0.5,0.050000021249998416,,0.0,0.020000010000000006,0.5,0.0,0.0,0.0,0.5,0.0,2.499999812500014e-08,,0.0,1e-08,0.5,0.0,0.0,0.0,0.5,0.0
0.9499999537500035,0.0,0.0,0.38000001,0.5,0.0,0.0,1.0,0.5,0.5,0.050000021249998416,,0.0,0.020000010000000006,0.5,0.0,0.0,0.0,0.5,0.0,2.499999812500014e-08,,0.0,1e-08,0.5,0.0,0.0,0.0,0.5,0.0
0.9499999537500035,,0.0,0.38000001,0.5,0.0,0.0,1.0,0.5,0.5,0.050000021249998416,,0.0,0.020000010000000006,0.5,0.0,0.0,0.0,0.5,0.0,2.499999812500014e-08,,0.0,1e-08,0.5,0.0,0.0,0.0,0.5,0.0
0.9499999537500035,0.0,0.0,0.38000001,0.5,0.0,0.0,1.0,0.5,0.5,0.050000021249998416,,0.0,0.020000010000000006,0.5,0.0,0.0,0.0,0.5,0.0,2.499999812500014e-08,,0.0,1e-08,0.5,0.0,0.0,0.0,0.5,0.0
0.9499999537500035,,0.0,0.38000001,0.5,0.0,0.0,1.0,0.5,0.5,0.050000021249998416,,0.0,0.020000010000000006,0.5,0.0,0.0,0.0,0.5,0.0,2.499999812500014e-08,,0.0,1e-08,0.5,0.0,0.0,0.0,0.5,0.0
0.9499999537500035,0.0,0.0,0.38000001,0.5,0.0,0.0,1.0,0.5,0.5,0.050000021249998416,,0.0,0.020000010000000006,0.5,0.0,0.0,0.0,0.5,0.0,2.499999812500014e-08,,0.0,1e-08,0.5,0.0,0.0,0.0,0.5,0.0
0.9499999537500035,,0.0,0.38000001,0.5,0.0,0.0,1.0,0.5,0.5,0.050000021249998416,,0.0,0.020000010000000006,0.5,0.0,0.0,0.0,0.5,0.0,2.499999812500014e-08,,0.0,1e-08,0.5,0.0,0.0,0.0,0.5,0.0
0.9499999537500035,0.0,0.0,0.38000001,0.5,0.0,0.0,1.0,0.5,0.5,0.050000021249998416,,0.0,0.020000010000000006,0.5,0.0,0.0,0.0,0.5,0.0,2.499999812500014e-08,,0.0,1e-08,0.5,0.0,0.0,0.0,0.5,0.0
0.9499999537500035,,0.0,0.38000001,0.5,0.0,0.0,1.0,0.5,0.5,0.050000021249998416,,0.0,0.020000010000000006,0.5,0.0,0.0,0.0,0.5,0.0,2.499999812500014e-08,,0.0,1e-08,0.5,0.0,0.0,0.0,0.5,0.0
0.9499999537500035,,0.0,0.38000001,0.5,0.0,0.0,1.0,0.5,0.5,0.050000021249998416,,0.0,0.020000010000000006,0.5,0.0,0.0,0.0,0.5,0.0,2.499999812500014e-08,,0.0,1e-08,0.5,0.0,0.0,0.0,0.5,0.0
0.9499997058531481,0.4515625,0.011222263313609461,0.7256813012383024,0.5,1.0,0.09031249999999999,1.0,0.95484375,0.95484375,0.05000026684896038,,0.0,0.03819396836194893,0.5,0.0,0.0,0.09031249999999999,0.5,2.7130462100252536e-07,2.7297891554720222e-08,,0.0,2.0852184840101014e-08,0.5,0.0,0.0,0.0,0.5,0.0
0.9499997058531481,,0.011222263313609461,0.7256813012383024,0.5,1.0,0.09031249999999999,1.0,0.95484375,0.95484375,0.05000026684896038,,0.0,0.03819396836194893,0.5,0.0,0.0,0.09031249999999999,0.5,2.7130462100252536e-07,2.7297891554720222e-08,,0.0,2.0852184840101014e-08,0.5,0.0,0.0,0.0,0.5,0.0
0.9499997058531481,0.0,0.008909558469682374,0.7256813012383024,0.5,1.0,0.09031249999999999,1.0,0.95484375,0.95484375,0.05000026684896038,,0.0,0.03819396836194893,0.5,0.0,0.0,0.09031249999999999,0.5,2.7130462100252536e-07,2.7297891554720222e-08,,0.0,2.0852184840101014e-08,0.5,0.0,0.0,0.0,0.5,0.0
0.9499997058531481,,0.008909558469682374,0.7256813012383024,0.5,1.0,0.09031249999999999,1.0,0.95484375,0.95484375,0.05000026684896038,,0.0,0.03819396836194893,0.5,0.0,0.0,0.09031249999999999,0.5,2.7130462100252536e-07,2.7297891554720222e-08,,0.0,2.0852184840101014e-08,0.5,0.0,0.0,0.0,0.5,0.0
0.9499997058531481,0.0,0.006450892857142863,0.7256813012383024,0.5,1.0,0.09031249999999999,1.0,0.95484375,0.95484375,0.05000026684896038,,0.0,0.03819396836194893,0.5,0.0,0.0,0.09031249999999999,0.5,2.7130462100252536e-07,2.7297891554720222e-08,,0.0,2.0852184840101014e-08,0.5,0.0,0.0,0.0,0.5,0.0
0.9499997058531481,,0.006450892857142863,0.7256813012383024,0.5,1.0,0.09031249999999999,1.0,0.95484375,0.95484375,0.05000026684896038,,0.0,0.03819396836194893,0.5,0.0,0.0,0.09031249999999999,0.5,2.7130462100252536e-07,2.7297891554720222e-08,,0.0,2.0852184840101014e-08,0.5,0.0,0.0,0.0,0.5,0.0
0.9499997058531481,,0.006450892857142863,0.7256813012383024,0.5,1.0,0.09031249999999999,1.0,0.95484375,0.95484375,0.05000026684896038,,0.0,0.03819396836194893,0.5,0.0,0.0,0.09031249999999999,0.5,2.7130462100252536e-07,2.7297891554720222e-08,,0.0,2.0852184840101014e-08,0.5,0.0,0.0,0.0,0.5,0.0
0.9499997058531481,,0.006450892857142863,0.7256813012383024,0.5,1.0,0.09031249999999999,1.0,0.95484375,0.95484375,0.05000026684896038,0.0,0.0,0.03819396836194893,0.5,0.0,0.0,0.09031249999999999,0.5,2.7130462100252536e-07,2.7297891554720222e-08,,0.0,2.0852184840101014e-08,0.5,0.0,0.0,0.0,0.5,0.0
0.9499997058531481,,0.006450892857142863,0.7256813012383024,0.5,1.0,0.09031249999999999,1.0,0.95484375,0.95484375,0.05000026684896038,,0.0,0.03819396836194893,0.5,0.0,0.0,0.09031249999999999,0.5,2.7130462100252536e-07,2.7297891554720222e-08,,0.0,2.0852184840101014e-08,0.5,0.0,0.0,0.0,0.5,0.0
0.949995635366138,0.26249999999999996,0.010076101036269424,0.7057319047790571,0.5,1.0,0.14281249999999998,1.0,0.92859375,0.92859375,0.05000412276583975,,0.0,0.03714701783102505,0.5,0.0,0.0,0.14281249999999998,0.5,4.2419674805291194e-06,2.4186802222270323e-07,,0.0,1.796786992211648e-07,0.5,0.0,0.0,0.0,0.5,0.0
0.949995635366138,,0.010076101036269424,0.7057319047790571,0.5,1.0,0.14281249999999998,1.0,0.92859375,0.92859375,0.05000412276583975,,0.0,0.03714701783102505,0.5,0.0,0.0,0.14281249999999998,0.5,4.2419674805291194e-06,2.4186802222270323e-07,,0.0,1.796786992211648e-07,0.5,0.0,0.0,0.0,0.5,0.0
0.949995635366138,0.0,0.005916466346153845,0.7057319047790571,0.5,1.0,0.14281249999999998,1.0,0.92859375,0.92859375,0.05000412276583975,,0.0,0.03714701783102505,0.5,0.0,0.0,0.14281249999999998,0.5,4.2419674805291194e-06,2.4186802222270323e-07,,0.0,1.796786992211648e-07,0.5,0.0,0.0,0.0,0.5,0.0
0.949995635366138,,0.005916466346153845,0.7057319047790571,0.5,1.0,0.14281249999999998,1.0,0.92859375,0.92859375,0.05000412276583975,,0.0,0.03714701783102505,0.5,0.0,0.0,0.14281249999999998,0.5,4.2419674805291194e-06,2.4186802222270323e-07,,0.0,1.796786992211648e-07,0.5,0.0,0.0,0.0,0.5,0.0
0.949995635366138,0.0,0.0024251760563380248,0.7057319047790571,0.5,1.0,0.14281249999999998,1.0,0.92859375,0.92859375,0.05000412276583975,,0.0,0.03714701783102505,0.5,0.0,0.0,0.14281249999999998,0.5,4.2419674805291194e-06,2.4186802222270323e-07,,0.0,1.796786992211648e-07,0.5,0.0,0.0,0.0,0.5,0.0
0.949995635366138,,0.0024251760563380248,0.7057319047790571,0.5,1.0,0.14281249999999998,1.0,0.92859375,0.92859375,0.05000412276583975,,0.0,0.03714701783102505,0.5,0.0,0.0,0.14281249999999998,0.5,4.2419674805291194e-06,2.4186802222270323e-07,,0.0,1.796786992211648e-07,0.5,0.0,0.0,0.0,0.5,0.0
0.949995635366138,0.0,-0.0007722504114097786,0.7057319047790571,0.5,1.0,0.14281249999999998,1.0,0.92859375,0.92859375,0.05000412276583975,,0.0,0.03714701783102505,0.5,0.0,0.0,0.14281249999999998,0.5,4.2419674805291194e-06,2.4186802222270323e-07,,0.0,1.796786992211648e-07,0.5,0.0,0.0,0.0,0.5,0.0
0.949995635366138,,-0.0007722504114097786,0.7057319047790571,0.5,1.0,0.14281249999999998,1.0,0.92859375,0.92859375,0.05000412276583975,,0.0,0.03714701783102505,0.5,0.0,0.0,0.14281249999999998,0.5,4.2419674805291194e-06,2.4186802222270323e-07,,0.0,1.796786992211648e-07,0.5,0.0,0.0,0.0,0.5,0.0
0.949995635366138,,-0.0007722504114097786,0.7057319047790571,0.5,1.0,0.14281249999999998,1.0,0.92859375,0.92859375,0.05000412276583975,,0.0,0.03714701783102505,0.5,0.0,0.0,0.14281249999999998,0.5,4.2419674805291194e-06,2.4186802222270323e-07,,0.0,1.796786992211648e-07,0.5,0.0,0.0,0.0,0.5,0.0
0.949995635366138,0.0,-0.00391123316796598,0.7057319047790571,0.5,1.0,0.14281249999999998,1.0,0.92859375,0.92859375,0.05000412276583975,,0.0,0.03714701783102505,0.5,0.0,0.0,0.14281249999999998,0.5,4.2419674805291194e-06,2.4186802222270323e-07,,0.0,1.796786992211648e-07,0.5,0.0,0.0,0.0,0.5,0.0
0.949995635366138,,-0.00391123316796598,0.7057319047790571,0.5,1.0,0.14281249999999998,1.0,0.92859375,0.92859375,0.05000412276583975,,0.0,0.03714701783102505,0.5,0.0,0.0,0.14281249999999998,0.5,4.2419674805291194e-06,2.4186802222270323e-07,,0.0,1.796786992211648e-07,0.5,0.0,0.0,0.0,0.5,0.0
0.949995635366138,0.0,-0.007169431226432021,0.7057319047790571,0.5,1.0,0.14281249999999998,1.0,0.92859375,0.92859375,0.05000412276583975,,0.0,0.03714701783102505,0.5,0.0,0.0,0.14281249999999998,0.5,4.2419674805291194e-06,2.4186802222270323e-07,,0.0,1.796786992211648e-07,0.5,0.0,0.0,0.0,0.5,0.0
0.949995635366138,,-0.007169431226432021,0.7057319047790571,0.5,1.0,0.14281249999999998,1.0,0.92859375,0.92859375,0.05000412276583975,,0.0,0.03714701783102505,0.5,0.0,0.0,0.14281249999999998,0.5,4.2419674805291194e-06,2.4186802222270323e-07,,0.0,1.796786992211648e-07,0.5,0.0,0.0,0.0,0.5,0.0
0.949995635366138,0.0,-0.011017949084668202,0.7057319047790571,0.5,1.0,0.14281249999999998,1.0,0.92859375,0.92859375,0.05000412276583975,,0.0,0.03714701783102505,0.5,0.0,0.0,0.14281249999999998,0.5,4.2419674805291194e-06,2.4186802222270323e-07,,0.0,1.796786992211648e-07,0.5,0.0,0.0,0.0,0.5,0.0
0.949995635366138,,-0.011017949084668202,0.7057319047790571,0.5,1.0,0.14281249999999998,1.0,0.92859375,0.92859375,0.05000412276583975,,0.0,0.03714701783102505,0.5,0.0,0.0,0.14281249999999998,0.5,4.2419674805291194e-06,2.4186802222270323e-07,,0.0,1.796786992211648e-07,0.5,0.0,0.0,0.0,0.5,0.0
0.9499999660374628,0.0,-0.0025423728813559316,0.7400500115913636,0.5,1.0,0.05249999999999999,1.0,0.97375,0.97375,0.05000002058798094,,0.0,0.038950018040573846,0.5,0.0,0.0,0.05249999999999999,0.5,1.0469497192382802e-08,1.3374556292727522e-08,,0.0,1.0418779887695313e-08,0.5,0.0,0.0,0.0,0.5,0.0
0.9499999660374628,,-0.0025423728813559316,0.7400500115913636,0.5,1.0,0.05249999999999999,1.0,0.97375,0.97375,0.05000002058798094,,0.0,0.038950018040573846,0.5,0.0,0.0,0.05249999999999999,0.5,1.0469497192382802e-08,1.3374556292727522e-08,,0.0,1.0418779887695313e-08,0.5,0.0,0.0,0.0,0.5,0.0
0.9499999660374628,,-0.0025423728813559316,0.7400500115913636,0.5,1.0,0.05249999999999999,1.0,0.97375,0.97375,0.05000002058798094,,0.0,0.038950018040573846,0.5,0.0,0.0,0.05249999999999999,0.5,1.0469497192382802e-08,1.3374556292727522e-08,,0.0,1.0418779887695313e-08,0.5,0.0,0.0,0.0,0.5,0.0
0.9499999660374628,0.0,-0.004093676564836568,0.7400500115913636,0.5,1.0,0.05249999999999999,1.0,0.97375,0.97375,0.05000002058798094,,0.0,0.038950018040573846,0.5,0.0,0.0,0.05249999999999999,0.5,1.0469497192382802e-08,1.3374556292727522e-08,,0.0,1.0418779887695313e-08,0.5,0.0,0.0,0.0,0.5,0.0
0.9499999660374628,,-0.004093676564836568,0.7400500115913636,0.5,1.0,0.05249999999999999,1.0,0.97375,0.97375,0.05000002058798094,,0.0,0.038950018040573846,0.5,0.0,0.0,0.05249999999999999,0.5,1.0469497192382802e-08,1.3374556292727522e-08,,0.0,1.0418779887695313e-08,0.5,0.0,0.0,0.0,0.5,0.0
0.9499999660374628,0.0,-0.006189846005774786,0.7400500115913636,0.5,1.0,0.05249999999999999,1.0,0.97375,0.97375,0.05000002058798094,,0.0,0.038950018040573846,0.5,0.0,0.0,0.05249999999999999,0.5,1.0469497192382802e-08,1.3374556292727522e-08,,0.0,1.0418779887695313e-08,0.5,0.0,0.0,0.0,0.5,0.0
0.9499999660374628,,-0.006189846005774786,0.7400500115913636,0.5,1.0,0.05249999999999999,1.0,0.97375,0.97375,0.05000002058798094,,0.0,0.038950018040573846,0.5,0.0,0.0,0.05249999999999999,0.5,1.0469497192382802e-08,1.3374556292727522e-08,,0.0,1.0418779887695313e-08,0.5,0.0,0.0,0.0,0.5,0.0
0.9499999660374628,,-0.006189846005774786,0.7400500115913636,0.5,1.0,0.05249999999999999,1.0,0.97375,0.97375,0.05000002058798094,0.0,0.0,0.038950018040573846,0.5,0.0,0.0,0.05249999999999999,0.5,1.0469497192382802e-08,1.3374556292727522e-08,,0.0,1.0418779887695313e-08,0.5,0.0,0.0,0.0,0.5,0.0
0.9499999660374628,,-0.006189846005774786,0.7400500115913636,0.5,1.0,0.05249999999999999,1.0,0.97375,0.97375,0.05000002058798094,,0.0,0.038950018040573846,0.5,0.0,0.0,0.05249999999999999,0.5,1.0469497192382802e-08,1.3374556292727522e-08,,0.0,1.0418779887695313e-08,0.5,0.0,0.0,0.0,0.5,0.0
0.9499999537500035,0.0,0.0,0.38000001,0.5,0.0,0.0,1.0,0.5,0.5,0.050000021249998416,,0.0,0.020000010000000006,0.5,0.0,0.0,0.0,0.5,0.0,2.499999812500014e-08,,0.0,1e-08,0.5,0.0,0.0,0.0,0.5,0.0
0.9499999537500035,,0.0,0.38000001,0.5,0.0,0.0,1.0,0.5,0.5,0.050000021249998416,,0.0,0.020000010000000006,0.5,0.0,0.0,0.0,0.5,0.0,2.499999812500014e-08,,0.0,1e-08,0.5,0.0,0.0,0.0,0.5,0.0
0.9499999537500035,,0.0,0.38000001,0.5,0.0,0.0,1.0,0.5,0.5,0.050000021249998416,,0.0,0.020000010000000006,0.5,0.0,0.0,0.0,0.5,0.0,2.499999812500014e-08,,0.0,1e-08,0.5,0.0,0.0,0.0,0.5,0.0
0.9499999537500035,0.0,0.0,0.38000001,0.5,0.0,0.0,1.0,0.5,0.5,0.050000021249998416,,0.0,0.020000010000000006,0.5,0.0,0.0,0.0,0.5,0.0,2.499999812500014e-08,,0.0,1e-08,0.5,0.0,0.0,0.0,0.5,0.0
0.9499999537500035,,0.0,0.38000001,0.5,0.0,0.0,1.0,0.5,0.5,0.050000021249998416,,0.0,0.020000010000000006,0.5,0.0,0.0,0.0,0.5,0.0,2.499999812500014e-08,,0.0,1e-08,0.5,0.0,0.0,0.0,0.5,0.0
0.9499999537500035,0.0,0.0,0.38000001,0.5,0.0,0.0,1.0,0.5,0.5,0.050000021249998416,,0.0,0.020000010000000006,0.5,0.0,0.0,0.0,0.5,0.0,2.499999812500014e-08,,0.0,1e-08,0.5,0.0,0.0,0.0,0.5,0.0
0.9499999537500035,,0.0,0.38000001,0.5,0.0,0.0,1.0,0.5,0.5,0.050000021249998416,,0.0,0.020000010000000006,0.5,0.0,0.0,0.0,0.5,0.0,2.499999812500014e-08,,0.0,1e-08,0.5,0.0,0.0,0.0,0.5,0.0
0.9499999537500035,0.0,0.0,0.38000001,0.5,0.0,0.0,1.0,0.5,0.5,0.050000021249998416,,0.0,0.020000010000000006,0.5,0.0,0.0,0.0,0.5,0.0,2.499999812500014e-08,,0.0,1e-08,0.5,0.0,0.0,0.0,0.5,0.0
0.9499999537500035,,0.0,0.38000001,0.5,0.0,0.0,1.0,0.5,0.5,0.050000021249998416,,0.0,0.020000010000000006,0.5,0.0,0.0,0.0,0.5,0.0,2.499999812500014e-08,,0.0,1e-08,0.5,0.0,0.0,0.0,0.5,0.0
0.9499999537500035,0.0,0.0,0.38000001,0.5,0.0,0.0,1.0,0.5,0.5,0.050000021249998416,,0.0,0.020000010000000006,0.5,0.0,0.0,0.0,0.5,0.0,2.499999812500014e-08,,0.0,1e-08,0.5,0.0,0.0,0.0,0.5,0.0
0.9499999537500035,,0.0,0.38000001,0.5,0.0,0.0,1.0,0.5,0.5,0.050000021249998416,,0.0,0.020000010000000006,0.5,0.0,0.0,0.0,0.5,0.0,2.499999812500014e-08,,0.0,1e-08,0.5,0.0,0.0,0.0,0.5,0.0
0.9499999537500035,,0.0,0.38000001,0.5,0.0,0.0,1.0,0.5,0.5,0.050000021249998416,,0.0,0.020000010000000006,0.5,0.0,0.0,0.0,0.5,0.0,2.499999812500014e-08,,0.0,1e-08,0.5,0.0,0.0,0.0,0.5,0.0
0.9499999537500035,0.0,0.0,0.38000001,0.5,0.0,0.0,1.0,0.5,0.5,0.050000021249998416,,0.0,0.020000010000000006,0.5,0.0,0.0,0.0,0.5,0.0,2.499999812500014e-08,,0.0,1e-08,0.5,0.0,0.0,0.0,0.5,0.0
0.9499999537500035,,0.0,0.38000001,0.5,0.0,0.0,1.0,0.5,0.5,0.050000021249998416,,0.0,0.020000010000000006,0.5,0.0,0.0,0.0,0.5,0.0,2.499999812500014e-08,,0.0,1e-08,0.5,0.0,0.0,0.0,0.5,0.0
0.9499999537500035,0.0,0.0,0.38000001,0.5,0.0,0.0,1.0,0.5,0.5,0.050000021249998416,,0.0,0.020000010000000006,0.5,0.0,0.0,0.0,0.5,0.0,2.499999812500014e-08,,0.0,1e-08,0.5,0.0,0.0,0.0,0.5,0.0
0.9499999537500035,,0.0,0.38000001,0.5,0.0,0.0,1.0,0.5,0.5,0.050000021249998416,,0.0,0.020000010000000006,0.5,0.0,0.0,0.0,0.5,0.0,2.499999812500014e-08,,0.0,1e-08,0.5,0.0,0.0,0.0,0.5,0.0
0.9499999537500035,,0.0,0.38000001,0.5,0.0,0.0,1.0,0.5,0.5,0.050000021249998416,0.0,0.0,0.020000010000000006,0.5,0.0,0.0,0.0,0.5,0.0,2.499999812500014e-08,,0.0,1e-08,0.5,0.0,0.0,0.0,0.5,0.0
0.9499999537500035,,0.0,0.38000001,0.5,0.0,0.0,1.0,0.5,0.5,0.050000021249998416,,0.0,0.020000010000000006,0.5,0.0,0.0,0.0,0.5,0.0,2.499999812500014e-08,,0.0,1e-08,0.5,0.0,0.0,0.0,0.5,0.0
0.9499999537500035,0.0,0.0,0.38000001,0.5,0.0,0.0,1.0,0.5,0.5,0.050000021249998416,,0.0,0.020000010000000006,0.5,0.0,0.0,0.0,0.5,0.0,2.499999812500014e-08,,0.0,1e-08,0.5,0.0,0.0,0.0,0.5,0.0
0.9499999537500035,,0.0,0.38000001,0.5,0.0,0.0,1.0,0.5,0.5,0.050000021249998416,,0.0,0.020000010000000006,0.5,0.0,0.0,0.0,0.5,0.0,2.499999812500014e-08,,0.0,1e-08,0.5,0.0,0.0,0.0,0.5,0.0
0.9499999537500035,,0.0,0.38000001,0.5,0.0,0.0,1.0,0.5,0.5,0.050000021249998416,,0.0,0.020000010000000006,0.5,0.0,0.0,0.0,0.5,0.0,2.499999812500014e-08,,0.0,1e-08,0.5,0.0,0.0,0.0,0.5,0.0
0.9499999537500035,0.0,0.0,0.38000001,0.5,0.0,0.0,1.0,0.5,0.5,0.050000021249998416,,0.0,0.020000010000000006,0.5,0.0,0.0,0.0,0.5,0.0,2.499999812500014e-08,,0.0,1e-08,0.5,0.0,0.0,0.0,0.5,0.0
0.9499999537500035,,0.0,0.38000001,0.5,0.0,0.0,1.0,0.5,0.5,0.050000021249998416,,0.0,0.020000010000000006,0.5,0.0,0.0,0.0,0.5,0.0,2.499999812500014e-08,,0.0,1e-08,0.5,0.0,0.0,0.0,0.5,0.0
0.9499999537500035,0.0,0.0,0.38000001,0.5,0.0,0.0,1.0,0.5,0.5,0.050000021249998416,,0.0,0.020000010000000006,0.5,0.0,0.0,0.0,0.5,0.0,2.499999812500014e-08,,0.0,1e-08,0.5,0.0,0.0,0.0,0.5,0.0
0.9499999537500035,,0.0,0.38000001,0.5,0.0,0.0,1.0,0.5,0.5,0.050000021249998416,,0.0,0.020000010000000006,0.5,0.0,0.0,0.0,0.5,0.0,2.499999812500014e-08,,0.0,1e-08,0.5,0.0,0.0,0.0,0.5,0.0
0.9499999537500035,0.0,0.0,0.38000001,0.5,0.0,0.0,1.0,0.5,0.5,0.050000021249998416,,0.0,0.020000010000000006,0.5,0.0,0.0,0.0,0.5,0.0,2.499999812500014e-08,,0.0,1e-08,0.5,0.0,0.0,0.0,0.5,0.0
0.9499999537500035,,0.0,0.38000001,0.5,0.0,0.0,1.0,0.5,0.5,0.050000021249998416,,0.0,0.020000010000000006,0.5,0.0,0.0,0.0,0.5,0.0,2.499999812500014e-08,,0.0,1e-08,0.5,0.0,0.0,0.0,0.5,0.0
0.9499999537500035,0.0,0.0,0.38000001,0.5,0.0,0.0,1.0,0.5,0.5,0.050000021249998416,,0.0,0.020000010000000006,0.5,0.0,0.0,0.0,0.5,0.0,2.499999812500014e-08,,0.0,1e-08,0.5,0.0,0.0,0.0,0.5,0.0
0.9499999537500035,,0.0,0.38000001,0.5,0.0,0.0,1.0,0.5,0.5,0.050000021249998416,,0.0,0.020000010000000006,0.5,0.0,0.0,0.0,0.5,0.0,2.499999812500014e-08,,0.0,1e-08,0.5,0.0,0.0,0.0,0.5,0.0
0.9499999537500035,,0.0,0.38000001,0.5,0.0,0.0,1.0,0.5,0.5,0.050000021249998416,,0.0,0.020000010000000006,0.5,0.0,0.0,0.0,0.5,0.0,2.499999812500014e-08,,0.0,1e-08,0.5,0.0,0.0,0.0,0.5,0.0
0.9499999537500035,0.0,0.0,0.38000001,0.5,0.0,0.0,1.0,0.5,0.5,0.050000021249998416,,0.0,0.020000010000000006,0.5,0.0,0.0,0.0,0.5,0.0,2.499999812500014e-08,,0.0,1e-08,0.5,0.0,0.0,0.0,0.5,0.0
0.9499999537500035,,0.0,0.38000001,0.5,0.0,0.0,1.0,0.5,0.5,0.050000021249998416,,0.0,0.020000010000000006,0.5,0.0,0.0,0.0,0.5,0.0,2.499999812500014e-08,,0.0,1e-08,0.5,0.0,0.0,0.0,0.5,0.0
0.9499999537500035,0.0,0.0,0.38000001,0.5,0.0,0.0,1.0,0.5,0.5,0.050000021249998416,,0.0,0.020000010000000006,0.5,0.0,0.0,0.0,0.5,0.0,2.499999812500014e-08,,0.0,1e-08,0.5,0.0,0.0,0.0,0.5,0.0
0.9499999537500035,,0.0,0.38000001,0.5,0.0,0.0,1.0,0.5,0.5,0.050000021249998416,,0.0,0.020000010000000006,0.5,0.0,0.0,0.0,0.5,0.0,2.499999812500014e-08,,0.0,1e-08,0.5,0.0,0.0,0.0,0.5,0.0
0.9499999537500035,0.0,0.0,0.38000001,0.5,0.0,0.0,1.0,0.5,0.5,0.050000021249998416,,0.0,0.020000010000000006,0.5,0.0,0.0,0.0,0.5,0.0,2.499999812500014e-08,,0.0,1e-08,0.5,0.0,0.0,0.0,0.5,0.0
